,Start (ET),Visitor/Neutral,PTS,Home/Neutral,PTS, , ,Attend.,Notes
0,6:00p,Orlando Magic,122,Washington Wizards,101,Box Score,,"14,921",
1,7:30p,Portland Trail Blazers,93,New York Knicks,117,Box Score,,"19,812",
2,8:00p,Minnesota Timberwolves,104,Milwaukee Bucks,106,Box Score,,"17,819",
3,10:30p,Phoenix Suns,107,Los Angeles Lakers,117,Box Score,,"18,997",
4,7:00p,Charlotte Hornets,109,Cleveland Cavaliers,106,Box Score,,"17,859",
5,7:00p,Denver Nuggets,124,Indiana Pacers,116,Box Score,,"16,688",
6,7:30p,Toronto Raptors,76,Miami Heat,84,Box Score,,"19,939",
7,8:00p,Utah Jazz,102,Chicago Bulls,98,Box Score,,"19,398",
8,8:00p,Golden State Warriors,84,Minnesota Timberwolves,99,Box Score,,"15,477",
9,8:30p,Brooklyn Nets,111,Dallas Mavericks,123,Box Score,,"20,289",
10,8:30p,Oklahoma City Thunder,109,San Antonio Spurs,103,Box Score,,"18,354",
11,10:00p,Memphis Grizzlies,123,Sacramento Kings,128,Box Score,,"17,351",
12,10:30p,Detroit Pistons,112,Los Angeles Clippers,126,Box Score,,"19,068",
13,7:00p,Atlanta Hawks,106,Boston Celtics,109,Box Score,,"19,156",
14,7:00p,Miami Heat,85,Orlando Magic,105,Box Score,,"17,198",
15,7:00p,Portland Trail Blazers,122,Washington Wizards,103,Box Score,,"17,945",
16,8:00p,Philadelphia 76ers,108,Houston Rockets,118,Box Score,,"18,055",
17,9:00p,New York Knicks,112,Phoenix Suns,120,Box Score,,"18,055",
18,10:30p,New Orleans Pelicans,113,Los Angeles Lakers,123,Box Score,,"18,997",
19,3:30p,Memphis Grizzlies,140,Los Angeles Clippers,114,Box Score,,"19,068",
20,6:00p,Toronto Raptors,121,Brooklyn Nets,102,Box Score,,"17,732",
21,7:00p,Utah Jazz,109,Orlando Magic,96,Box Score,,"16,913",
22,7:30p,Indiana Pacers,111,Atlanta Hawks,116,Box Score,,"16,420",
23,7:30p,Oklahoma City Thunder,121,Cleveland Cavaliers,106,Box Score,,"19,432",
24,8:00p,Boston Celtics,111,Chicago Bulls,104,Box Score,,"21,130",
25,8:00p,Denver Nuggets,114,Washington Wizards,128,Box Score,,"16,233",
26,8:30p,Charlotte Hornets,123,Dallas Mavericks,120,Box Score,OT,"20,327",
27,8:30p,Detroit Pistons,111,Golden State Warriors,104,Box Score,,"18,064",
28,8:30p,San Antonio Spurs,118,Milwaukee Bucks,127,Box Score,,"18,002",
29,10:00p,New Orleans Pelicans,117,Sacramento Kings,115,Box Score,,"16,808",
30,3:30p,New York Knicks,132,Los Angeles Clippers,135,Box Score,,"19,068",
31,6:00p,Portland Trail Blazers,111,Miami Heat,122,Box Score,,"19,846",
32,7:30p,Minnesota Timberwolves,118,Cleveland Cavaliers,103,Box Score,,"16,159",
33,8:00p,Memphis Grizzlies,121,Phoenix Suns,114,Box Score,,"14,181",
34,10:00p,Detroit Pistons,99,Los Angeles Lakers,106,Box Score,,"18,997",
35,7:00p,Indiana Pacers,115,Charlotte Hornets,104,Box Score,,"13,009",
36,7:00p,Brooklyn Nets,89,Orlando Magic,101,Box Score,,"15,008",
37,7:00p,Oklahoma City Thunder,113,Philadelphia 76ers,120,Box Score,,"20,561",
38,7:00p,Boston Celtics,94,Washington Wizards,99,Box Score,,"17,963",
39,7:30p,Denver Nuggets,123,Atlanta Hawks,115,Box Score,,"15,286",
40,8:00p,Utah Jazz,128,New Orleans Pelicans,126,Box Score,,"14,138",
41,8:30p,Chicago Bulls,110,Dallas Mavericks,118,Box Score,,"20,238",
42,8:30p,Milwaukee Bucks,104,San Antonio Spurs,126,Box Score,,"18,354",
43,10:00p,Golden State Warriors,98,Sacramento Kings,111,Box Score,,"15,819",
44,7:00p,Detroit Pistons,115,Cleveland Cavaliers,113,Box Score,,"17,274",
45,7:00p,Portland Trail Blazers,101,Toronto Raptors,99,Box Score,,"19,800",
46,7:30p,Oklahoma City Thunder,111,Brooklyn Nets,103,Box Score,OT,"15,677",
47,8:00p,Minnesota Timberwolves,112,Memphis Grizzlies,119,Box Score,,"14,117",
48,9:00p,Sacramento Kings,114,Phoenix Suns,103,Box Score,,"14,134",
49,10:30p,New York Knicks,87,Los Angeles Lakers,117,Box Score,,"18,997",
50,7:00p,San Antonio Spurs,129,Boston Celtics,114,Box Score,,"19,156",
51,7:00p,Toronto Raptors,112,Charlotte Hornets,110,Box Score,OT,"13,965",
52,7:00p,Miami Heat,122,Indiana Pacers,108,Box Score,,"17,040",
53,7:00p,Washington Wizards,89,Orlando Magic,123,Box Score,,"16,013",
54,7:30p,Houston Rockets,122,Atlanta Hawks,115,Box Score,,"16,514",
55,7:30p,Denver Nuggets,107,Dallas Mavericks,106,Box Score,,"20,314",
56,8:00p,Chicago Bulls,108,New Orleans Pelicans,123,Box Score,,"15,324",
57,9:00p,New York Knicks,104,Utah Jazz,128,Box Score,,"18,306",
58,10:00p,Milwaukee Bucks,107,Golden State Warriors,98,Box Score,,"18,064",
59,7:00p,Cleveland Cavaliers,115,Detroit Pistons,112,Box Score,OT,"13,445",
60,7:00p,Boston Celtics,98,Philadelphia 76ers,109,Box Score,,"20,822",
61,8:00p,Portland Trail Blazers,102,Minnesota Timberwolves,116,Box Score,,"13,720",
62,9:30p,Houston Rockets,92,Oklahoma City Thunder,113,Box Score,,"18,203",
63,7:00p,Atlanta Hawks,101,Washington Wizards,111,Box Score,,"16,360",
64,7:15p,New Orleans Pelicans,123,New York Knicks,111,Box Score,,"18,003",
65,7:30p,Miami Heat,113,Brooklyn Nets,117,Box Score,,"16,011",
66,8:00p,Indiana Pacers,116,Chicago Bulls,105,Box Score,,"20,229",
67,8:00p,San Antonio Spurs,121,Memphis Grizzlies,134,Box Score,,"16,448",
68,9:00p,Orlando Magic,94,Phoenix Suns,98,Box Score,,"14,562",
69,9:00p,Charlotte Hornets,92,Utah Jazz,109,Box Score,,"18,306",
70,9:45p,Los Angeles Lakers,129,Dallas Mavericks,114,Box Score,,"20,542",
71,10:00p,Milwaukee Bucks,127,Sacramento Kings,106,Box Score,,"17,583",
72,10:30p,Golden State Warriors,100,Los Angeles Clippers,109,Box Score,,"19,068",
73,5:00p,Minnesota Timberwolves,109,Houston Rockets,139,Box Score,,"18,055",
74,7:00p,New Orleans Pelicans,105,Boston Celtics,140,Box Score,,"19,156",
75,7:00p,Chicago Bulls,108,Detroit Pistons,99,Box Score,,"15,951",
76,8:00p,Los Angeles Lakers,125,Oklahoma City Thunder,110,Box Score,,"18,203",
77,8:30p,Philadelphia 76ers,91,Dallas Mavericks,109,Box Score,,"20,244",
78,9:00p,Cleveland Cavaliers,111,Denver Nuggets,103,Box Score,,"19,533",
79,10:00p,Milwaukee Bucks,122,Portland Trail Blazers,101,Box Score,,"19,843",
80,3:30p,Miami Heat,121,New York Knicks,124,Box Score,,"18,861",
81,3:30p,Utah Jazz,127,Washington Wizards,116,Box Score,,"15,953",
82,6:00p,Atlanta Hawks,86,Brooklyn Nets,108,Box Score,,"15,201",
83,6:00p,Golden State Warriors,102,Memphis Grizzlies,122,Box Score,,"16,408",
84,6:00p,San Antonio Spurs,105,Toronto Raptors,104,Box Score,,"19,800",
85,8:00p,Los Angeles Clippers,104,Denver Nuggets,114,Box Score,,"19,520",
86,8:00p,Charlotte Hornets,92,Phoenix Suns,100,Box Score,,"14,751",
87,7:00p,New Orleans Pelicans,117,Detroit Pistons,110,Box Score,OT,"13,780",
88,7:00p,Philadelphia 76ers,95,Indiana Pacers,101,Box Score,,"15,257",
89,7:30p,Chicago Bulls,101,Boston Celtics,113,Box Score,,"19,156",
90,8:00p,Oklahoma City Thunder,117,Minnesota Timberwolves,104,Box Score,,"11,044",
91,10:00p,Charlotte Hornets,112,Portland Trail Blazers,115,Box Score,,"19,111",
92,10:00p,Orlando Magic,114,Sacramento Kings,112,Box Score,,"16,299",
93,10:30p,Cleveland Cavaliers,99,Los Angeles Lakers,128,Box Score,,"18,997",
94,7:30p,Phoenix Suns,110,Atlanta Hawks,123,Box Score,,"16,060",
95,7:30p,Utah Jazz,118,Brooklyn Nets,107,Box Score,,"15,381",
96,8:00p,Houston Rockets,110,Memphis Grizzlies,121,Box Score,,"16,181",
97,8:00p,New York Knicks,102,Milwaukee Bucks,128,Box Score,,"17,590",
98,10:30p,Dallas Mavericks,124,Golden State Warriors,97,Box Score,,"18,064",
99,10:30p,Cleveland Cavaliers,103,Los Angeles Clippers,128,Box Score,,"19,068",
100,7:00p,Detroit Pistons,116,Boston Celtics,103,Box Score,,"19,156",
101,7:00p,Brooklyn Nets,106,Philadelphia 76ers,117,Box Score,,"20,416",
102,7:30p,San Antonio Spurs,100,Miami Heat,106,Box Score,,"19,704",
103,8:00p,Washington Wizards,106,Chicago Bulls,115,Box Score,,"19,382",
104,8:00p,Indiana Pacers,104,Minnesota Timberwolves,99,Box Score,,"12,648",
105,8:00p,Toronto Raptors,130,Oklahoma City Thunder,121,Box Score,,"18,203",
106,9:00p,Charlotte Hornets,86,Denver Nuggets,100,Box Score,,"19,520",
107,9:30p,Portland Trail Blazers,117,Houston Rockets,107,Box Score,,"18,055",
108,10:00p,Dallas Mavericks,127,Sacramento Kings,123,Box Score,,"17,029",
109,10:30p,Orlando Magic,119,Los Angeles Lakers,118,Box Score,,"18,997",
110,7:30p,Phoenix Suns,121,New York Knicks,98,Box Score,,"18,215",
111,8:00p,Boston Celtics,123,Milwaukee Bucks,128,Box Score,,"17,873",
112,8:00p,Utah Jazz,132,New Orleans Pelicans,138,Box Score,OT,"16,717",
113,10:30p,Denver Nuggets,134,Golden State Warriors,131,Box Score,OT,"18,064",
114,10:30p,Orlando Magic,95,Los Angeles Clippers,122,Box Score,,"19,068",
115,7:00p,Minnesota Timberwolves,114,Indiana Pacers,116,Box Score,,"16,248",
116,7:00p,Chicago Bulls,89,Philadelphia 76ers,100,Box Score,,"20,919",
117,7:00p,Washington Wizards,111,Toronto Raptors,140,Box Score,,"19,800",
118,8:00p,Cleveland Cavaliers,109,Memphis Grizzlies,113,Box Score,,"17,102",
119,8:00p,Miami Heat,115,Oklahoma City Thunder,108,Box Score,,"18,203",
120,8:30p,Atlanta Hawks,121,San Antonio Spurs,120,Box Score,,"18,354",
121,9:30p,Portland Trail Blazers,112,Dallas Mavericks,120,Box Score,,"20,283",
122,3:30p,Los Angeles Clippers,133,New Orleans Pelicans,130,Box Score,,"17,959",
123,6:00p,Milwaukee Bucks,117,Brooklyn Nets,97,Box Score,,"17,732",
124,7:00p,Phoenix Suns,123,Boston Celtics,119,Box Score,,"19,156",
125,7:30p,Detroit Pistons,136,Atlanta Hawks,103,Box Score,,"17,056",
126,7:30p,Philadelphia 76ers,90,New York Knicks,87,Box Score,,"17,812",
127,8:00p,Cleveland Cavaliers,116,Chicago Bulls,118,Box Score,,"19,939",
128,8:00p,Toronto Raptors,122,Minnesota Timberwolves,112,Box Score,,"16,520",
129,8:30p,Orlando Magic,95,Golden State Warriors,109,Box Score,,"18,064",
130,8:30p,Los Angeles Lakers,124,Houston Rockets,115,Box Score,,"18,502",
131,9:00p,Portland Trail Blazers,106,Oklahoma City Thunder,119,Box Score,,"18,203",
132,9:00p,Sacramento Kings,101,Utah Jazz,123,Box Score,,"18,306",
133,3:00p,Miami Heat,102,San Antonio Spurs,107,Box Score,,"18,422",
134,8:00p,Indiana Pacers,115,Denver Nuggets,107,Box Score,,"19,520",
135,2:00p,Detroit Pistons,100,Washington Wizards,106,Box Score,,"17,305",
136,2:30p,Toronto Raptors,122,Atlanta Hawks,117,Box Score,,"17,300",
137,3:00p,Philadelphia 76ers,117,Brooklyn Nets,111,Box Score,,"16,801",
138,5:00p,Orlando Magic,106,Charlotte Hornets,83,Box Score,,"16,133",
139,5:00p,New York Knicks,106,Cleveland Cavaliers,86,Box Score,,"17,133",
140,5:00p,Oklahoma City Thunder,112,Houston Rockets,107,Box Score,,"18,055",
141,5:00p,New Orleans Pelicans,126,Memphis Grizzlies,116,Box Score,,"17,794",
142,5:00p,Sacramento Kings,113,Miami Heat,118,Box Score,OT,"19,600",
143,5:00p,Chicago Bulls,98,Milwaukee Bucks,111,Box Score,,"17,747",
144,7:30p,Los Angeles Lakers,107,Boston Celtics,139,Box Score,,"19,156",
145,8:00p,Denver Nuggets,107,Minnesota Timberwolves,100,Box Score,,"12,172",
146,9:00p,San Antonio Spurs,120,Phoenix Suns,118,Box Score,,"14,847",
147,9:00p,Indiana Pacers,88,Utah Jazz,118,Box Score,,"18,306",
148,10:00p,Golden State Warriors,124,Portland Trail Blazers,129,Box Score,OT,"19,493",
149,8:30p,Los Angeles Clippers,110,Dallas Mavericks,107,Box Score,,"19,783",
150,7:00p,Sacramento Kings,106,Detroit Pistons,127,Box Score,,"13,972",
151,7:00p,Oklahoma City Thunder,120,Orlando Magic,114,Box Score,,"18,846",
152,7:00p,Philadelphia 76ers,95,Toronto Raptors,107,Box Score,,"19,800",
153,7:30p,Los Angeles Clippers,95,Atlanta Hawks,102,Box Score,,"14,338",
154,7:30p,Memphis Grizzlies,95,Boston Celtics,119,Box Score,,"19,156",
155,7:30p,Washington Wizards,129,Miami Heat,134,Box Score,OT,"19,600",
156,7:30p,Los Angeles Lakers,100,New York Knicks,92,Box Score,,"19,812",
157,8:00p,Minnesota Timberwolves,110,Chicago Bulls,117,Box Score,,"18,875",
158,8:00p,Denver Nuggets,105,Houston Rockets,121,Box Score,,"18,055",
159,9:00p,Indiana Pacers,112,Phoenix Suns,87,Box Score,,"14,691",
160,9:30p,San Antonio Spurs,121,New Orleans Pelicans,117,Box Score,,"18,365",
161,10:00p,Utah Jazz,129,Golden State Warriors,96,Box Score,,"18,064",
162,7:00p,Washington Wizards,124,Cleveland Cavaliers,112,Box Score,,"16,689",
163,8:00p,Los Angeles Lakers,128,Brooklyn Nets,113,Box Score,,"17,732",
164,10:30p,Dallas Mavericks,133,Portland Trail Blazers,125,Box Score,,"19,574",
165,3:00p,Milwaukee Bucks,116,Charlotte Hornets,103,Box Score,,"15,758","at Paris, France"
166,7:00p,Memphis Grizzlies,125,Detroit Pistons,112,Box Score,,"14,583",
167,7:00p,Boston Celtics,109,Orlando Magic,98,Box Score,,"18,846",
168,7:30p,Toronto Raptors,118,New York Knicks,112,Box Score,,"18,883",
169,8:00p,Sacramento Kings,98,Chicago Bulls,81,Box Score,,"17,661",
170,8:00p,Los Angeles Clippers,122,Miami Heat,117,Box Score,,"19,632",
171,8:00p,Houston Rockets,131,Minnesota Timberwolves,124,Box Score,,"16,101",
172,8:00p,Denver Nuggets,113,New Orleans Pelicans,106,Box Score,,"16,398",
173,8:00p,Atlanta Hawks,111,Oklahoma City Thunder,140,Box Score,,"18,203",
174,8:30p,Phoenix Suns,103,San Antonio Spurs,99,Box Score,,"18,354",
175,10:30p,Indiana Pacers,129,Golden State Warriors,118,Box Score,,"18,064",
176,5:00p,Dallas Mavericks,107,Utah Jazz,112,Box Score,,"18,306",
177,7:00p,Brooklyn Nets,121,Detroit Pistons,111,Box Score,OT,"15,890",
178,8:00p,Chicago Bulls,118,Cleveland Cavaliers,106,Box Score,,"19,432",
179,8:00p,Oklahoma City Thunder,113,Minnesota Timberwolves,104,Box Score,,"16,236",
180,8:30p,Los Angeles Lakers,91,Philadelphia 76ers,108,Box Score,,"21,109",
181,3:30p,Houston Rockets,110,Denver Nuggets,117,Box Score,,"19,520",
182,4:00p,Toronto Raptors,110,San Antonio Spurs,106,Box Score,,"18,354",
183,6:00p,Washington Wizards,133,Atlanta Hawks,152,Box Score,,"15,567",
184,6:00p,Phoenix Suns,109,Memphis Grizzlies,114,Box Score,,"17,214",
185,6:00p,Boston Celtics,108,New Orleans Pelicans,123,Box Score,,"16,737",
186,6:00p,Brooklyn Nets,97,New York Knicks,110,Box Score,,"17,831",
187,6:00p,Los Angeles Clippers,112,Orlando Magic,97,Box Score,,"15,427",
188,9:00p,Indiana Pacers,129,Portland Trail Blazers,139,Box Score,,"19,663",
189,7:00p,Cleveland Cavaliers,115,Detroit Pistons,100,Box Score,,"12,597",
190,7:30p,Orlando Magic,92,Miami Heat,113,Box Score,,"19,600",
191,8:00p,San Antonio Spurs,109,Chicago Bulls,110,Box Score,,"16,071",
192,8:00p,Sacramento Kings,133,Minnesota Timberwolves,129,Box Score,OT,"13,449",
193,8:00p,Dallas Mavericks,107,Oklahoma City Thunder,97,Box Score,,"18,203",
194,9:00p,Houston Rockets,126,Utah Jazz,117,Box Score,,"18,306",
195,7:00p,New York Knicks,92,Charlotte Hornets,97,Box Score,,"14,342",
196,7:00p,Golden State Warriors,104,Philadelphia 76ers,115,Box Score,,"20,854",
197,7:30p,New Orleans Pelicans,125,Cleveland Cavaliers,111,Box Score,,"19,432",
198,7:30p,Atlanta Hawks,114,Toronto Raptors,130,Box Score,,"19,800",
199,8:00p,Denver Nuggets,96,Memphis Grizzlies,104,Box Score,,"14,365",
200,8:00p,Boston Celtics,109,Miami Heat,101,Box Score,,"19,704",
201,8:00p,Washington Wizards,131,Milwaukee Bucks,151,Box Score,,"17,681",
202,8:30p,Phoenix Suns,133,Dallas Mavericks,104,Box Score,,"20,216",
203,7:00p,Chicago Bulls,106,Indiana Pacers,115,Box Score,OT,"17,923",
204,7:30p,Detroit Pistons,115,Brooklyn Nets,125,Box Score,,"14,275",
205,7:30p,Memphis Grizzlies,127,New York Knicks,106,Box Score,,"18,768",
206,8:30p,Utah Jazz,120,San Antonio Spurs,127,Box Score,,"17,887",
207,10:00p,Houston Rockets,112,Portland Trail Blazers,125,Box Score,,"19,393",
208,10:00p,Oklahoma City Thunder,120,Sacramento Kings,100,Box Score,,"16,935",
209,7:00p,Toronto Raptors,115,Cleveland Cavaliers,109,Box Score,,"17,695",
210,7:00p,Charlotte Hornets,107,Washington Wizards,121,Box Score,,"15,013",
211,7:30p,Philadelphia 76ers,117,Atlanta Hawks,127,Box Score,,"15,227",
212,8:00p,Golden State Warriors,104,Boston Celtics,119,Box Score,,"19,156",
213,10:30p,Utah Jazz,100,Denver Nuggets,106,Box Score,,"19,520",
214,10:30p,Sacramento Kings,124,Los Angeles Clippers,103,Box Score,,"19,068",
215,7:00p,Toronto Raptors,105,Detroit Pistons,92,Box Score,,"17,356",
216,7:30p,Chicago Bulls,118,Brooklyn Nets,133,Box Score,,"17,732",
217,7:30p,Dallas Mavericks,121,Houston Rockets,128,Box Score,,"18,055",
218,8:00p,Memphis Grizzlies,111,New Orleans Pelicans,139,Box Score,,"18,362",
219,9:00p,Denver Nuggets,127,Milwaukee Bucks,115,Box Score,,"18,141",
220,9:00p,Oklahoma City Thunder,111,Phoenix Suns,107,Box Score,,"17,260",
221,10:30p,Portland Trail Blazers,127,Los Angeles Lakers,119,Box Score,,"18,997",
0,3:30p,Minnesota Timberwolves,106,Los Angeles Clippers,118,Box Score,,"19,068",
1,7:00p,New York Knicks,92,Indiana Pacers,85,Box Score,,"17,923",
2,7:00p,Miami Heat,102,Orlando Magic,89,Box Score,,"18,846",
3,8:00p,Golden State Warriors,131,Cleveland Cavaliers,112,Box Score,,"18,410",
4,8:00p,Brooklyn Nets,107,Washington Wizards,113,Box Score,,"18,196",
5,8:30p,Philadelphia 76ers,95,Boston Celtics,116,Box Score,,"19,156",
6,8:30p,Atlanta Hawks,100,Dallas Mavericks,123,Box Score,,"20,328",
7,9:00p,Charlotte Hornets,90,San Antonio Spurs,114,Box Score,,"18,615",
8,10:00p,Los Angeles Lakers,129,Sacramento Kings,113,Box Score,,"17,583",
9,10:30p,Utah Jazz,107,Portland Trail Blazers,124,Box Score,,"19,603",
10,12:30p,Denver Nuggets,123,Detroit Pistons,128,Box Score,OT,"15,488",
11,2:00p,New Orleans Pelicans,109,Houston Rockets,117,Box Score,,"18,055",
12,2:00p,Phoenix Suns,108,Milwaukee Bucks,129,Box Score,,"17,754",
13,3:00p,Chicago Bulls,102,Toronto Raptors,129,Box Score,,"19,800",
14,7:00p,Orlando Magic,112,Charlotte Hornets,100,Box Score,,"12,337",
15,7:00p,New York Knicks,139,Cleveland Cavaliers,134,Box Score,OT,"16,303",
16,7:00p,Dallas Mavericks,112,Indiana Pacers,103,Box Score,,"15,086",
17,7:00p,Golden State Warriors,125,Washington Wizards,117,Box Score,,"17,120",
18,7:30p,Boston Celtics,123,Atlanta Hawks,115,Box Score,,"16,231",
19,7:30p,Phoenix Suns,97,Brooklyn Nets,119,Box Score,,"14,891",
20,7:30p,Philadelphia 76ers,106,Miami Heat,137,Box Score,,"19,725",
21,8:00p,Detroit Pistons,82,Memphis Grizzlies,96,Box Score,,"14,597",
22,10:00p,Minnesota Timberwolves,109,Sacramento Kings,113,Box Score,,"15,819",
23,10:30p,San Antonio Spurs,105,Los Angeles Clippers,108,Box Score,,"19,068",
24,7:30p,Milwaukee Bucks,120,New Orleans Pelicans,108,Box Score,,"15,424",
25,8:00p,Charlotte Hornets,110,Houston Rockets,125,Box Score,,"18,055",
26,9:00p,Portland Trail Blazers,99,Denver Nuggets,127,Box Score,,"19,520",
27,10:00p,San Antonio Spurs,102,Los Angeles Lakers,129,Box Score,,"18,997",
28,7:00p,Phoenix Suns,108,Detroit Pistons,116,Box Score,,"13,707",
29,7:30p,Orlando Magic,100,Boston Celtics,116,Box Score,,"19,156",
30,7:30p,Golden State Warriors,88,Brooklyn Nets,129,Box Score,,"14,352",
31,7:30p,Indiana Pacers,118,Toronto Raptors,119,Box Score,,"19,800",
32,8:00p,Atlanta Hawks,127,Minnesota Timberwolves,120,Box Score,,"10,779",
33,8:00p,Cleveland Cavaliers,103,Oklahoma City Thunder,109,Box Score,,"18,203",
34,8:30p,Memphis Grizzlies,121,Dallas Mavericks,107,Box Score,,"20,069",
35,9:00p,Denver Nuggets,98,Utah Jazz,95,Box Score,,"18,306",
36,10:00p,Miami Heat,111,Los Angeles Clippers,128,Box Score,,"19,068",
37,7:30p,Orlando Magic,103,New York Knicks,105,Box Score,,"18,895",
38,8:00p,New Orleans Pelicans,125,Chicago Bulls,119,Box Score,,"18,247",
39,8:00p,Philadelphia 76ers,101,Milwaukee Bucks,112,Box Score,,"17,928",
40,10:00p,San Antonio Spurs,117,Portland Trail Blazers,125,Box Score,,"19,653",
41,10:30p,Houston Rockets,121,Los Angeles Lakers,111,Box Score,,"18,997",
42,7:00p,Memphis Grizzlies,107,Philadelphia 76ers,119,Box Score,,"20,779",
43,7:00p,Dallas Mavericks,118,Washington Wizards,119,Box Score,,"20,476",
44,7:30p,Atlanta Hawks,107,Boston Celtics,112,Box Score,,"19,156",
45,8:00p,Toronto Raptors,115,Indiana Pacers,106,Box Score,,"17,028",
46,8:00p,Detroit Pistons,101,Oklahoma City Thunder,108,Box Score,,"18,203",
47,9:00p,Houston Rockets,91,Phoenix Suns,127,Box Score,,"17,043",
48,10:00p,Miami Heat,97,Sacramento Kings,105,Box Score,,"16,760",
49,10:30p,Portland Trail Blazers,114,Utah Jazz,117,Box Score,,"18,306",
50,5:00p,Milwaukee Bucks,111,Orlando Magic,95,Box Score,,"16,632",
51,7:00p,Dallas Mavericks,116,Charlotte Hornets,100,Box Score,,"19,370",
52,7:00p,New York Knicks,95,Detroit Pistons,92,Box Score,,"15,980",
53,7:30p,New Orleans Pelicans,124,Indiana Pacers,117,Box Score,,"17,923",
54,7:30p,Brooklyn Nets,118,Toronto Raptors,119,Box Score,,"19,800",
55,8:00p,Los Angeles Clippers,115,Minnesota Timberwolves,142,Box Score,,"18,978",
56,8:30p,Los Angeles Lakers,125,Golden State Warriors,120,Box Score,,"18,064",
57,9:00p,Denver Nuggets,117,Phoenix Suns,108,Box Score,,"16,843",
58,10:00p,San Antonio Spurs,102,Sacramento Kings,122,Box Score,,"16,756",
59,3:30p,Boston Celtics,112,Oklahoma City Thunder,111,Box Score,,"18,203",
60,6:00p,New York Knicks,135,Atlanta Hawks,140,Box Score,2OT,"16,309",
61,6:00p,Chicago Bulls,111,Philadelphia 76ers,118,Box Score,,"21,018",
62,6:00p,Memphis Grizzlies,106,Washington Wizards,99,Box Score,,"17,251",
63,7:00p,Utah Jazz,114,Houston Rockets,113,Box Score,,"18,055",
64,7:30p,Los Angeles Clippers,133,Cleveland Cavaliers,92,Box Score,,"17,240",
65,9:00p,Miami Heat,109,Portland Trail Blazers,115,Box Score,,"19,726",
66,7:00p,Charlotte Hornets,87,Detroit Pistons,76,Box Score,,"13,941",
67,7:00p,Brooklyn Nets,106,Indiana Pacers,105,Box Score,,"16,761",
68,7:00p,Atlanta Hawks,126,Orlando Magic,135,Box Score,,"17,076",
69,7:30p,Minnesota Timberwolves,126,Toronto Raptors,137,Box Score,,"19,800",
70,8:00p,Sacramento Kings,111,Milwaukee Bucks,123,Box Score,,"17,463",
71,8:30p,Utah Jazz,123,Dallas Mavericks,119,Box Score,,"19,793",
72,9:00p,San Antonio Spurs,120,Denver Nuggets,127,Box Score,,"19,520",
73,10:30p,Miami Heat,113,Golden State Warriors,101,Box Score,,"18,064",
74,10:30p,Phoenix Suns,100,Los Angeles Lakers,125,Box Score,,"18,997",
75,7:00p,Los Angeles Clippers,103,Philadelphia 76ers,110,Box Score,,"20,730",
76,7:00p,Chicago Bulls,114,Washington Wizards,126,Box Score,,"15,135",
77,8:00p,Portland Trail Blazers,117,New Orleans Pelicans,138,Box Score,,"15,739",
78,8:00p,San Antonio Spurs,114,Oklahoma City Thunder,106,Box Score,,"18,203",
79,9:30p,Boston Celtics,105,Houston Rockets,116,Box Score,,"18,055",
80,7:00p,Atlanta Hawks,105,Cleveland Cavaliers,127,Box Score,,"16,200",
81,7:00p,Detroit Pistons,112,Orlando Magic,116,Box Score,OT,"16,607",
82,7:30p,Toronto Raptors,91,Brooklyn Nets,101,Box Score,,"15,823",
83,7:30p,Milwaukee Bucks,111,Indiana Pacers,118,Box Score,,"17,018",
84,7:30p,Washington Wizards,114,New York Knicks,96,Box Score,,"18,835",
85,8:00p,Portland Trail Blazers,104,Memphis Grizzlies,111,Box Score,,"16,889",
86,8:00p,Charlotte Hornets,115,Minnesota Timberwolves,108,Box Score,,"18,978",
87,8:30p,Sacramento Kings,111,Dallas Mavericks,130,Box Score,,"19,842",
88,9:00p,Golden State Warriors,106,Phoenix Suns,112,Box Score,,"15,216",
89,9:00p,Miami Heat,101,Utah Jazz,116,Box Score,,"18,306",
90,10:00p,Los Angeles Lakers,120,Denver Nuggets,116,Box Score,OT,"19,860",
91,8:00p,Los Angeles Clippers,133,Boston Celtics,141,Box Score,2OT,"19,156",
92,8:00p,Oklahoma City Thunder,123,New Orleans Pelicans,118,Box Score,,"17,865",
93,7:00p,Milwaukee Bucks,126,Detroit Pistons,106,Box Score,,"16,097",
94,7:30p,Miami Heat,124,Atlanta Hawks,129,Box Score,,"17,356",
95,8:00p,Charlotte Hornets,103,Chicago Bulls,93,Box Score,,"17,463",
96,8:00p,Brooklyn Nets,104,Philadelphia 76ers,112,Box Score,OT,"20,806",
97,10:00p,Memphis Grizzlies,125,Sacramento Kings,129,Box Score,,"17,078",
98,10:30p,Houston Rockets,135,Golden State Warriors,105,Box Score,,"18,064",
99,7:00p,Dallas Mavericks,122,Orlando Magic,106,Box Score,,"18,846",
100,7:00p,Cleveland Cavaliers,113,Washington Wizards,108,Box Score,,"18,895",
101,7:30p,Indiana Pacers,106,New York Knicks,98,Box Score,,"19,812",
102,7:30p,Phoenix Suns,101,Toronto Raptors,118,Box Score,,"19,800",
103,8:00p,Boston Celtics,127,Minnesota Timberwolves,117,Box Score,,"18,978",
104,8:00p,Denver Nuggets,101,Oklahoma City Thunder,113,Box Score,,"18,203",
105,9:00p,San Antonio Spurs,113,Utah Jazz,104,Box Score,,"18,306",
106,10:30p,Memphis Grizzlies,105,Los Angeles Lakers,117,Box Score,,"18,997",
107,10:30p,New Orleans Pelicans,128,Portland Trail Blazers,115,Box Score,,"19,946",
108,3:30p,Sacramento Kings,112,Los Angeles Clippers,103,Box Score,,"19,068",
109,7:00p,Brooklyn Nets,115,Charlotte Hornets,86,Box Score,,"19,079",
110,7:30p,Dallas Mavericks,107,Atlanta Hawks,111,Box Score,,"17,050",
111,8:00p,Phoenix Suns,112,Chicago Bulls,104,Box Score,,"20,506",
112,8:00p,Cleveland Cavaliers,105,Miami Heat,124,Box Score,,"19,754",
113,8:30p,Philadelphia 76ers,98,Milwaukee Bucks,119,Box Score,,"18,290",
114,9:00p,Houston Rockets,120,Utah Jazz,110,Box Score,,"18,306",
115,3:30p,Boston Celtics,112,Los Angeles Lakers,114,Box Score,,"18,997",
116,6:00p,Minnesota Timberwolves,116,Denver Nuggets,128,Box Score,,"19,626",
117,6:00p,Indiana Pacers,81,Toronto Raptors,127,Box Score,,"19,800",
118,7:00p,Washington Wizards,117,Chicago Bulls,126,Box Score,,"18,024",
119,7:00p,San Antonio Spurs,103,Oklahoma City Thunder,131,Box Score,,"18,203",
120,8:30p,New Orleans Pelicans,115,Golden State Warriors,101,Box Score,,"18,064",
121,9:00p,Detroit Pistons,104,Portland Trail Blazers,107,Box Score,,"19,393",
122,7:00p,Miami Heat,119,Cleveland Cavaliers,125,Box Score,OT,"17,336",
123,7:00p,Atlanta Hawks,112,Philadelphia 76ers,129,Box Score,,"20,836",
124,7:00p,Milwaukee Bucks,137,Washington Wizards,134,Box Score,OT,"16,580",
125,7:30p,Orlando Magic,115,Brooklyn Nets,113,Box Score,,"16,162",
126,8:00p,New York Knicks,112,Houston Rockets,123,Box Score,,"18,055",
127,8:30p,Minnesota Timberwolves,123,Dallas Mavericks,139,Box Score,,"19,936",
128,9:00p,Phoenix Suns,131,Utah Jazz,111,Box Score,,"18,306",
129,10:30p,Memphis Grizzlies,97,Los Angeles Clippers,124,Box Score,,"19,068",
130,7:00p,Charlotte Hornets,80,Indiana Pacers,119,Box Score,,"16,088",
131,7:30p,Milwaukee Bucks,108,Toronto Raptors,97,Box Score,,"19,993",
132,8:00p,Oklahoma City Thunder,124,Chicago Bulls,122,Box Score,,"16,911",
133,9:00p,Detroit Pistons,98,Denver Nuggets,115,Box Score,,"19,143",
134,10:00p,New Orleans Pelicans,109,Los Angeles Lakers,118,Box Score,,"18,997",
135,10:00p,Boston Celtics,118,Portland Trail Blazers,106,Box Score,,"19,460",
136,10:30p,Sacramento Kings,112,Golden State Warriors,94,Box Score,,"18,064",
137,7:00p,New York Knicks,101,Charlotte Hornets,107,Box Score,,"13,152",
138,7:00p,Philadelphia 76ers,94,Cleveland Cavaliers,108,Box Score,,"16,332",
139,7:00p,Brooklyn Nets,106,Washington Wizards,110,Box Score,,"15,021",
140,7:30p,Orlando Magic,130,Atlanta Hawks,120,Box Score,,"14,967",
141,7:30p,Minnesota Timberwolves,129,Miami Heat,126,Box Score,,"19,600",
142,8:00p,Memphis Grizzlies,112,Houston Rockets,140,Box Score,,"18,055",
143,8:30p,Dallas Mavericks,109,San Antonio Spurs,103,Box Score,,"18,354",
144,9:00p,Los Angeles Clippers,102,Phoenix Suns,92,Box Score,,"15,157",
145,10:30p,Boston Celtics,114,Utah Jazz,103,Box Score,,"18,306",
146,7:00p,New York Knicks,106,Philadelphia 76ers,115,Box Score,,"20,175",
147,8:00p,Portland Trail Blazers,100,Indiana Pacers,106,Box Score,,"16,872",
148,8:00p,Sacramento Kings,108,Oklahoma City Thunder,112,Box Score,,"18,203",
149,10:30p,Los Angeles Lakers,116,Golden State Warriors,86,Box Score,,"18,064",
150,7:00p,Minnesota Timberwolves,125,Orlando Magic,136,Box Score,,"18,846",
151,7:30p,Brooklyn Nets,118,Atlanta Hawks,141,Box Score,,"17,034",
152,7:30p,Charlotte Hornets,99,Toronto Raptors,96,Box Score,,"19,800",
153,8:00p,Sacramento Kings,104,Memphis Grizzlies,101,Box Score,,"17,794",
154,8:00p,Dallas Mavericks,118,Miami Heat,126,Box Score,,"19,704",
155,8:00p,Oklahoma City Thunder,86,Milwaukee Bucks,133,Box Score,,"18,412",
156,8:00p,Cleveland Cavaliers,104,New Orleans Pelicans,116,Box Score,,"18,304",
157,9:00p,Detroit Pistons,113,Phoenix Suns,111,Box Score,,"17,142",
158,9:00p,Washington Wizards,119,Utah Jazz,129,Box Score,,"18,306",
159,10:30p,Denver Nuggets,103,Los Angeles Clippers,132,Box Score,,"19,068",
160,5:00p,Chicago Bulls,115,New York Knicks,125,Box Score,,"19,812",
161,7:30p,Portland Trail Blazers,117,Atlanta Hawks,129,Box Score,,"17,765",
162,7:30p,Brooklyn Nets,113,Miami Heat,116,Box Score,,"19,600",
163,8:00p,Indiana Pacers,113,Cleveland Cavaliers,104,Box Score,,"19,432",
164,8:00p,Los Angeles Lakers,88,Memphis Grizzlies,105,Box Score,,"17,794",
165,8:30p,Houston Rockets,111,Boston Celtics,110,Box Score,OT,"19,156",
166,8:30p,Orlando Magic,113,San Antonio Spurs,114,Box Score,,"18,354",
167,9:00p,Golden State Warriors,115,Phoenix Suns,99,Box Score,,"16,395",
0,1:00p,Milwaukee Bucks,93,Charlotte Hornets,85,Box Score,,"19,149",
1,3:30p,Philadelphia 76ers,130,Los Angeles Clippers,136,Box Score,,"19,068",
2,3:30p,Dallas Mavericks,111,Minnesota Timberwolves,91,Box Score,,"18,058",
3,6:00p,Toronto Raptors,118,Denver Nuggets,133,Box Score,,"19,777",
4,6:00p,Detroit Pistons,100,Sacramento Kings,106,Box Score,,"17,499",
5,8:00p,Los Angeles Lakers,122,New Orleans Pelicans,114,Box Score,,"18,547",
6,8:30p,Washington Wizards,124,Golden State Warriors,110,Box Score,,"18,064",
7,7:00p,Utah Jazz,126,Cleveland Cavaliers,113,Box Score,,"15,453",
8,7:00p,Houston Rockets,123,New York Knicks,125,Box Score,,"18,142",
9,7:00p,Portland Trail Blazers,130,Orlando Magic,107,Box Score,,"18,078",
10,7:30p,Memphis Grizzlies,127,Atlanta Hawks,88,Box Score,,"16,207",
11,7:30p,Milwaukee Bucks,89,Miami Heat,105,Box Score,,"19,600",
12,8:00p,Dallas Mavericks,107,Chicago Bulls,109,Box Score,,"18,407",
13,8:30p,Indiana Pacers,116,San Antonio Spurs,111,Box Score,,"17,635",
14,7:00p,San Antonio Spurs,104,Charlotte Hornets,103,Box Score,,"12,008",
15,7:30p,Brooklyn Nets,129,Boston Celtics,120,Box Score,OT,"19,156",
16,8:00p,Minnesota Timberwolves,139,New Orleans Pelicans,134,Box Score,,"15,264",
17,8:00p,Los Angeles Clippers,109,Oklahoma City Thunder,94,Box Score,,"18,203",
18,9:00p,Golden State Warriors,116,Denver Nuggets,100,Box Score,,"19,520",
19,9:00p,Toronto Raptors,123,Phoenix Suns,114,Box Score,,"15,553",
20,10:00p,Philadelphia 76ers,107,Los Angeles Lakers,120,Box Score,,"18,997",
21,10:00p,Washington Wizards,126,Sacramento Kings,133,Box Score,,"16,419",
22,7:00p,Boston Celtics,112,Cleveland Cavaliers,106,Box Score,,"16,897",
23,7:00p,Oklahoma City Thunder,114,Detroit Pistons,107,Box Score,,"15,138",
24,7:00p,Indiana Pacers,100,Milwaukee Bucks,119,Box Score,,"17,695",
25,7:30p,Memphis Grizzlies,118,Brooklyn Nets,79,Box Score,,"16,941",
26,7:30p,Utah Jazz,112,New York Knicks,104,Box Score,,"16,588",
27,7:30p,Orlando Magic,113,Miami Heat,116,Box Score,,"19,600",
28,8:00p,Chicago Bulls,108,Minnesota Timberwolves,115,Box Score,,"13,392",
29,9:30p,New Orleans Pelicans,123,Dallas Mavericks,127,Box Score,OT,"20,459",
30,10:00p,Washington Wizards,104,Portland Trail Blazers,125,Box Score,,"19,393",
31,7:00p,Denver Nuggets,114,Charlotte Hornets,112,Box Score,,"13,311",
32,8:00p,Los Angeles Clippers,120,Houston Rockets,105,Box Score,,"18,055",
33,10:00p,Philadelphia 76ers,125,Sacramento Kings,108,Box Score,,"15,485",
34,10:30p,Toronto Raptors,121,Golden State Warriors,113,Box Score,,"18,064",
35,7:00p,Atlanta Hawks,112,Washington Wizards,118,Box Score,,"17,856",
36,7:30p,San Antonio Spurs,120,Brooklyn Nets,139,Box Score,,"16,277",
37,7:30p,Oklahoma City Thunder,126,New York Knicks,103,Box Score,,"19,499",
38,8:00p,Indiana Pacers,108,Chicago Bulls,102,Box Score,,"20,229",
39,8:00p,Orlando Magic,132,Minnesota Timberwolves,118,Box Score,,"14,315",
40,8:00p,Miami Heat,104,New Orleans Pelicans,110,Box Score,,"18,384",
41,8:00p,Utah Jazz,99,Boston Celtics,94,Box Score,,"19,156",
42,8:30p,Memphis Grizzlies,96,Dallas Mavericks,121,Box Score,,"20,370",
43,9:00p,Portland Trail Blazers,117,Phoenix Suns,127,Box Score,,"15,522",
44,10:30p,Milwaukee Bucks,103,Los Angeles Lakers,113,Box Score,,"18,997",
45,5:00p,Houston Rockets,99,Charlotte Hornets,108,Box Score,,"19,159",
46,7:00p,Utah Jazz,111,Detroit Pistons,105,Box Score,,"16,590",
47,7:30p,Denver Nuggets,102,Cleveland Cavaliers,104,Box Score,,"19,432",
48,8:00p,Atlanta Hawks,101,Memphis Grizzlies,118,Box Score,,"17,117",
49,8:30p,Philadelphia 76ers,114,Golden State Warriors,118,Box Score,,"18,064",
50,10:00p,Sacramento Kings,123,Portland Trail Blazers,111,Box Score,,"19,691",
51,3:00p,Chicago Bulls,107,Brooklyn Nets,110,Box Score,,"15,916",
52,3:30p,New Orleans Pelicans,120,Minnesota Timberwolves,107,Box Score,,"18,978",
53,3:30p,Los Angeles Lakers,112,Los Angeles Clippers,103,Box Score,,"19,068",
54,6:00p,Oklahoma City Thunder,105,Boston Celtics,104,Box Score,,"19,156",
55,6:00p,Milwaukee Bucks,131,Phoenix Suns,140,Box Score,,"17,282",
56,7:00p,Miami Heat,100,Washington Wizards,89,Box Score,,"18,135",
57,7:00p,Indiana Pacers,112,Dallas Mavericks,109,Box Score,,"20,324",
58,7:00p,Orlando Magic,126,Houston Rockets,106,Box Score,,"18,055",
59,7:30p,Detroit Pistons,84,New York Knicks,96,Box Score,,"18,361",
60,7:30p,San Antonio Spurs,129,Cleveland Cavaliers,132,Box Score,OT,"17,995",
61,9:00p,Toronto Raptors,118,Sacramento Kings,113,Box Score,,"16,449",
62,7:30p,Charlotte Hornets,138,Atlanta Hawks,143,Box Score,2OT,"14,399",
63,9:00p,Milwaukee Bucks,95,Denver Nuggets,109,Box Score,,"19,838",
64,9:00p,Toronto Raptors,101,Utah Jazz,92,Box Score,,"18,306",
65,7:00p,New York Knicks,115,Washington Wizards,122,Box Score,,"15,048",
66,7:00p,Boston Celtics,114,Indiana Pacers,111,Box Score,,"17,053",
67,8:00p,Minnesota Timberwolves,111,Houston Rockets,117,Box Score,,"18,055",
68,8:00p,Dallas Mavericks,109,San Antonio Spurs,119,Box Score,,"18,354",
69,8:00p,Orlando Magic,120,Memphis Grizzlies,115,Box Score,,"15,388",
70,8:00p,Cleveland Cavaliers,103,Chicago Bulls,108,Box Score,,"17,837",
71,10:00p,Phoenix Suns,105,Portland Trail Blazers,121,Box Score,,"19,393",
72,10:30p,Brooklyn Nets,104,Los Angeles Lakers,102,Box Score,,"18,997",
73,10:30p,Los Angeles Clippers,131,Golden State Warriors,107,Box Score,,"18,064",
74,7:00p,Detroit Pistons,106,Philadelphia 76ers,124,Box Score,,"20,172",
75,7:30p,New York Knicks,136,Atlanta Hawks,131,Box Score,OT,"15,393",
76,7:30p,Charlotte Hornets,109,Miami Heat,98,Box Score,,"19,600",
77,8:00p,Denver Nuggets,97,Dallas Mavericks,113,Box Score,,"20,302",
0,6:30p,Utah Jazz,106,New Orleans Pelicans,104,Box Score,,,
1,9:00p,Los Angeles Clippers,101,Los Angeles Lakers,103,Box Score,,,
2,2:30p,Orlando Magic,128,Brooklyn Nets,118,Box Score,,0,
3,4:00p,Memphis Grizzlies,135,Portland Trail Blazers,140,Box Score,OT,,
4,4:00p,Phoenix Suns,125,Washington Wizards,112,Box Score,,,
5,6:30p,Boston Celtics,112,Milwaukee Bucks,119,Box Score,,,
6,8:00p,Sacramento Kings,120,San Antonio Spurs,129,Box Score,,,
7,9:00p,Houston Rockets,153,Dallas Mavericks,149,Box Score,OT,,
0,1:00p,Miami Heat,125,Denver Nuggets,105,Box Score,,,
1,3:30p,Utah Jazz,94,Oklahoma City Thunder,110,Box Score,,,
2,6:00p,New Orleans Pelicans,103,Los Angeles Clippers,126,Box Score,,,
3,7:00p,Philadelphia 76ers,121,Indiana Pacers,127,Box Score,,,
4,8:30p,Los Angeles Lakers,92,Toronto Raptors,107,Box Score,,,
5,2:00p,Washington Wizards,110,Brooklyn Nets,118,Box Score,,,
6,3:30p,Portland Trail Blazers,124,Boston Celtics,128,Box Score,,,
7,4:00p,San Antonio Spurs,108,Memphis Grizzlies,106,Box Score,,,
8,6:00p,Sacramento Kings,116,Orlando Magic,132,Box Score,,,
9,8:30p,Milwaukee Bucks,116,Houston Rockets,120,Box Score,,,
10,9:00p,Dallas Mavericks,115,Phoenix Suns,117,Box Score,,,
11,1:30p,Toronto Raptors,107,Miami Heat,103,Box Score,,,
12,4:00p,Indiana Pacers,111,Washington Wizards,100,Box Score,,,
13,4:00p,Denver Nuggets,121,Oklahoma City Thunder,113,Box Score,OT,,
14,6:30p,Memphis Grizzlies,99,New Orleans Pelicans,109,Box Score,,,
15,8:00p,San Antonio Spurs,130,Philadelphia 76ers,132,Box Score,,,
16,9:00p,Los Angeles Lakers,116,Utah Jazz,108,Box Score,,,
17,1:30p,Brooklyn Nets,119,Milwaukee Bucks,116,Box Score,,,
18,2:30p,Dallas Mavericks,114,Sacramento Kings,110,Box Score,OT,,
19,4:00p,Phoenix Suns,117,Los Angeles Clippers,115,Box Score,,,
20,6:00p,Orlando Magic,109,Indiana Pacers,120,Box Score,,,
21,6:30p,Boston Celtics,106,Miami Heat,112,Box Score,,,
22,9:00p,Houston Rockets,102,Portland Trail Blazers,110,Box Score,,,
23,2:30p,Memphis Grizzlies,115,Utah Jazz,124,Box Score,,,
24,4:00p,Philadelphia 76ers,107,Washington Wizards,98,Box Score,,,
25,4:00p,Denver Nuggets,132,San Antonio Spurs,126,Box Score,,,
26,6:30p,Oklahoma City Thunder,105,Los Angeles Lakers,86,Box Score,,,
27,8:00p,Toronto Raptors,109,Orlando Magic,99,Box Score,,,
28,9:00p,Brooklyn Nets,115,Boston Celtics,149,Box Score,,,
29,1:30p,New Orleans Pelicans,125,Sacramento Kings,140,Box Score,,,
30,4:00p,Miami Heat,116,Milwaukee Bucks,130,Box Score,,,
31,4:00p,Indiana Pacers,99,Phoenix Suns,114,Box Score,,,
32,6:30p,Los Angeles Clippers,126,Dallas Mavericks,111,Box Score,,,
33,8:00p,Portland Trail Blazers,125,Denver Nuggets,115,Box Score,,,
34,9:00p,Los Angeles Lakers,97,Houston Rockets,113,Box Score,,,
35,1:00p,Utah Jazz,111,San Antonio Spurs,119,Box Score,,,
36,4:00p,Oklahoma City Thunder,92,Memphis Grizzlies,121,Box Score,,,
37,5:00p,Sacramento Kings,106,Brooklyn Nets,119,Box Score,,,
38,6:30p,Orlando Magic,101,Philadelphia 76ers,108,Box Score,,,
39,8:00p,Washington Wizards,107,New Orleans Pelicans,118,Box Score,,,
40,9:00p,Boston Celtics,122,Toronto Raptors,100,Box Score,,,
41,1:00p,Los Angeles Clippers,122,Portland Trail Blazers,117,Box Score,,,
42,3:30p,Utah Jazz,132,Denver Nuggets,134,Box Score,2OT,,
43,6:00p,Los Angeles Lakers,111,Indiana Pacers,116,Box Score,,,
44,7:30p,Phoenix Suns,119,Miami Heat,112,Box Score,,,
45,8:30p,Milwaukee Bucks,132,Dallas Mavericks,136,Box Score,OT,,
46,12:30p,Washington Wizards,103,Oklahoma City Thunder,121,Box Score,,,
47,2:00p,Memphis Grizzlies,99,Toronto Raptors,108,Box Score,,,
48,3:00p,San Antonio Spurs,122,New Orleans Pelicans,113,Box Score,,,
49,5:00p,Orlando Magic,119,Boston Celtics,122,Box Score,OT,,
50,6:30p,Philadelphia 76ers,121,Portland Trail Blazers,124,Box Score,,,
51,8:00p,Houston Rockets,129,Sacramento Kings,112,Box Score,,,
52,9:00p,Brooklyn Nets,129,Los Angeles Clippers,120,Box Score,,,
53,2:30p,Oklahoma City Thunder,101,Phoenix Suns,128,Box Score,,,
54,3:00p,Dallas Mavericks,122,Utah Jazz,114,Box Score,,,
55,6:30p,Toronto Raptors,114,Milwaukee Bucks,106,Box Score,,,
56,8:00p,Indiana Pacers,92,Miami Heat,114,Box Score,,,
57,9:00p,Denver Nuggets,121,Los Angeles Lakers,124,Box Score,,,
58,1:00p,Brooklyn Nets,108,Orlando Magic,96,Box Score,,,
59,2:00p,Houston Rockets,105,San Antonio Spurs,123,Box Score,,,
60,4:30p,Phoenix Suns,130,Philadelphia 76ers,117,Box Score,,,
61,5:00p,Boston Celtics,122,Memphis Grizzlies,107,Box Score,,,
62,6:30p,Portland Trail Blazers,134,Dallas Mavericks,131,Box Score,,,
63,9:00p,Milwaukee Bucks,126,Washington Wizards,113,Box Score,,,
64,9:00p,New Orleans Pelicans,106,Sacramento Kings,112,Box Score,,,
65,4:00p,Indiana Pacers,108,Houston Rockets,104,Box Score,,,
66,6:30p,Toronto Raptors,125,Philadelphia 76ers,121,Box Score,,,
67,8:00p,Miami Heat,115,Oklahoma City Thunder,116,Box Score,,,
68,9:00p,Los Angeles Clippers,124,Denver Nuggets,111,Box Score,,,
69,12:00p,Washington Wizards,96,Boston Celtics,90,Box Score,,,
70,1:30p,Sacramento Kings,136,Los Angeles Lakers,122,Box Score,,,
71,4:00p,Dallas Mavericks,102,Phoenix Suns,128,Box Score,,,
72,4:00p,Milwaukee Bucks,106,Memphis Grizzlies,119,Box Score,,,
73,6:30p,San Antonio Spurs,112,Utah Jazz,118,Box Score,,,
74,9:00p,New Orleans Pelicans,127,Orlando Magic,133,Box Score,,,
75,9:00p,Portland Trail Blazers,134,Brooklyn Nets,133,Box Score,,,
76,1:30p,Denver Nuggets,109,Toronto Raptors,117,Box Score,,,
77,4:00p,Miami Heat,92,Indiana Pacers,109,Box Score,,,
78,6:30p,Oklahoma City Thunder,103,Los Angeles Clippers,107,Box Score,OT,,
79,9:00p,Philadelphia 76ers,134,Houston Rockets,96,Box Score,,,
80,2:30p,Memphis Grizzlies,122,Portland Trail Blazers,126,Box Score,,,
81,,,,,,,,,
82,1:30p,Utah Jazz,125,Denver Nuggets,135,Box Score,OT,,
83,4:00p,Brooklyn Nets,110,Toronto Raptors,134,Box Score,,,
84,6:30p,Philadelphia 76ers,101,Boston Celtics,109,Box Score,,,
85,9:00p,Dallas Mavericks,110,Los Angeles Clippers,118,Box Score,,,
86,1:30p,Orlando Magic,122,Milwaukee Bucks,110,Box Score,,,
87,4:00p,Miami Heat,113,Indiana Pacers,101,Box Score,,,
88,6:30p,Oklahoma City Thunder,108,Houston Rockets,123,Box Score,,,
89,9:00p,Portland Trail Blazers,100,Los Angeles Lakers,93,Box Score,,,
90,1:30p,Brooklyn Nets,99,Toronto Raptors,104,Box Score,,,
91,4:00p,Utah Jazz,124,Denver Nuggets,105,Box Score,,,
92,6:30p,Philadelphia 76ers,101,Boston Celtics,128,Box Score,,,
93,9:00p,Dallas Mavericks,127,Los Angeles Clippers,114,Box Score,,,
94,1:00p,Miami Heat,109,Indiana Pacers,100,Box Score,,,
95,3:30p,Oklahoma City Thunder,98,Houston Rockets,111,Box Score,,,
96,6:00p,Orlando Magic,96,Milwaukee Bucks,111,Box Score,,,
97,9:00p,Portland Trail Blazers,88,Los Angeles Lakers,111,Box Score,,,
98,1:30p,Toronto Raptors,117,Brooklyn Nets,92,Box Score,,,
99,4:00p,Denver Nuggets,87,Utah Jazz,124,Box Score,,,
100,6:30p,Boston Celtics,102,Philadelphia 76ers,94,Box Score,,,
101,9:00p,Los Angeles Clippers,130,Dallas Mavericks,122,Box Score,,,
102,1:00p,Milwaukee Bucks,121,Orlando Magic,107,Box Score,,,
103,3:30p,Indiana Pacers,115,Miami Heat,124,Box Score,,,
104,6:00p,Houston Rockets,107,Oklahoma City Thunder,119,Box Score,OT,,
105,8:30p,Los Angeles Lakers,116,Portland Trail Blazers,108,Box Score,,,
106,1:00p,Boston Celtics,110,Philadelphia 76ers,106,Box Score,,,
107,3:30p,Los Angeles Clippers,133,Dallas Mavericks,135,Box Score,OT,,
108,6:30p,Toronto Raptors,150,Brooklyn Nets,122,Box Score,,,
109,9:00p,Denver Nuggets,127,Utah Jazz,129,Box Score,,,
110,1:30p,Milwaukee Bucks,121,Orlando Magic,106,Box Score,,,
111,4:00p,Houston Rockets,114,Oklahoma City Thunder,117,Box Score,,,
112,6:30p,Indiana Pacers,87,Miami Heat,99,Box Score,,,
113,9:00p,Los Angeles Lakers,135,Portland Trail Blazers,115,Box Score,,,
114,6:30p,Utah Jazz,107,Denver Nuggets,117,Box Score,,,
115,9:00p,Dallas Mavericks,111,Los Angeles Clippers,154,Box Score,,,
116,3:30p,Orlando Magic,104,Milwaukee Bucks,118,Box Score,,,
117,6:30p,Oklahoma City Thunder,80,Houston Rockets,114,Box Score,,,
118,9:00p,Portland Trail Blazers,122,Los Angeles Lakers,131,Box Score,,,
119,1:00p,Boston Celtics,112,Toronto Raptors,94,Box Score,,,
120,3:30p,Los Angeles Clippers,111,Dallas Mavericks,97,Box Score,,,
121,8:30p,Denver Nuggets,119,Utah Jazz,107,Box Score,,,
122,6:30p,Miami Heat,115,Milwaukee Bucks,104,Box Score,,,
123,9:00p,Houston Rockets,100,Oklahoma City Thunder,104,Box Score,,,
0,5:30p,Boston Celtics,102,Toronto Raptors,99,Box Score,,,
1,8:30p,Utah Jazz,78,Denver Nuggets,80,Box Score,,,
2,6:30p,Miami Heat,116,Milwaukee Bucks,114,Box Score,,,
3,9:00p,Oklahoma City Thunder,102,Houston Rockets,104,Box Score,,,
4,6:30p,Toronto Raptors,104,Boston Celtics,103,Box Score,,,
5,9:00p,Denver Nuggets,97,Los Angeles Clippers,120,Box Score,,,
6,6:30p,Milwaukee Bucks,100,Miami Heat,115,Box Score,,,
7,9:00p,Houston Rockets,112,Los Angeles Lakers,97,Box Score,,,
8,6:30p,Toronto Raptors,100,Boston Celtics,93,Box Score,,,
9,9:00p,Denver Nuggets,110,Los Angeles Clippers,101,Box Score,,,
10,3:30p,Milwaukee Bucks,118,Miami Heat,115,Box Score,OT,,
11,8:30p,Houston Rockets,109,Los Angeles Lakers,117,Box Score,,,
12,6:30p,Boston Celtics,111,Toronto Raptors,89,Box Score,,,
13,9:00p,Los Angeles Clippers,113,Denver Nuggets,107,Box Score,,,
14,6:30p,Miami Heat,103,Milwaukee Bucks,94,Box Score,,,
15,9:00p,Los Angeles Lakers,112,Houston Rockets,102,Box Score,,,
16,6:30p,Toronto Raptors,125,Boston Celtics,122,Box Score,2OT,,
17,9:00p,Los Angeles Clippers,96,Denver Nuggets,85,Box Score,,,
18,7:00p,Los Angeles Lakers,110,Houston Rockets,100,Box Score,,,
19,6:30p,Denver Nuggets,111,Los Angeles Clippers,105,Box Score,,,
20,9:00p,Boston Celtics,92,Toronto Raptors,87,Box Score,,,
21,8:00p,Houston Rockets,96,Los Angeles Lakers,119,Box Score,,,
22,1:00p,Los Angeles Clippers,98,Denver Nuggets,111,Box Score,,,
23,6:30p,Miami Heat,117,Boston Celtics,114,Box Score,OT,,
24,9:00p,Denver Nuggets,104,Los Angeles Clippers,89,Box Score,,,
25,7:00p,Miami Heat,106,Boston Celtics,101,Box Score,,,
26,9:00p,Denver Nuggets,114,Los Angeles Lakers,126,Box Score,,,
27,8:30p,Boston Celtics,117,Miami Heat,106,Box Score,,,
28,7:30p,Denver Nuggets,103,Los Angeles Lakers,105,Box Score,,,
29,9:00p,Los Angeles Lakers,106,Denver Nuggets,114,Box Score,,,
30,8:30p,Boston Celtics,109,Miami Heat,112,Box Score,,,
31,9:00p,Los Angeles Lakers,114,Denver Nuggets,108,Box Score,,,
32,8:30p,Miami Heat,108,Boston Celtics,121,Box Score,,,
33,9:00p,Denver Nuggets,107,Los Angeles Lakers,117,Box Score,,,
34,7:30p,Boston Celtics,113,Miami Heat,125,Box Score,,,
35,9:00p,Miami Heat,98,Los Angeles Lakers,116,Box Score,,,
0,8:00p,New Orleans Pelicans,122,Toronto Raptors,130,Box Score,OT,"20,787",
1,10:30p,Los Angeles Lakers,102,Los Angeles Clippers,112,Box Score,,"19,068",
2,7:00p,Chicago Bulls,125,Charlotte Hornets,126,Box Score,,"15,424",
3,7:00p,Detroit Pistons,119,Indiana Pacers,110,Box Score,,"17,923",
4,7:00p,Cleveland Cavaliers,85,Orlando Magic,94,Box Score,,"18,846",
5,7:30p,Minnesota Timberwolves,127,Brooklyn Nets,126,Box Score,OT,"17,732",
6,7:30p,Memphis Grizzlies,101,Miami Heat,120,Box Score,,"19,600",
7,7:30p,Boston Celtics,93,Philadelphia 76ers,107,Box Score,,"20,422",
8,8:30p,Washington Wizards,100,Dallas Mavericks,108,Box Score,,"19,816",
9,8:30p,New York Knicks,111,San Antonio Spurs,120,Box Score,,"18,354",
10,9:00p,Oklahoma City Thunder,95,Utah Jazz,100,Box Score,,"18,306",
11,10:00p,Denver Nuggets,108,Portland Trail Blazers,100,Box Score,,"19,991",
12,10:00p,Sacramento Kings,95,Phoenix Suns,124,Box Score,,"18,055",
13,7:00p,Atlanta Hawks,117,Detroit Pistons,100,Box Score,,"20,338",
14,8:00p,Milwaukee Bucks,117,Houston Rockets,111,Box Score,,"18,055",
15,10:30p,Los Angeles Clippers,141,Golden State Warriors,122,Box Score,,"18,064",
16,7:00p,Toronto Raptors,106,Boston Celtics,112,Box Score,,"18,624",
17,7:00p,Minnesota Timberwolves,121,Charlotte Hornets,99,Box Score,,"14,879",
18,7:30p,New York Knicks,109,Brooklyn Nets,113,Box Score,,"17,732",
19,8:00p,Chicago Bulls,110,Memphis Grizzlies,102,Box Score,,"17,794",
20,8:00p,Dallas Mavericks,123,New Orleans Pelicans,116,Box Score,,"17,027",
21,8:00p,Washington Wizards,97,Oklahoma City Thunder,85,Box Score,,"18,203",
22,9:00p,Phoenix Suns,107,Denver Nuggets,108,Box Score,OT,"19,557",
23,10:00p,Portland Trail Blazers,122,Sacramento Kings,112,Box Score,,"17,583",
24,10:30p,Utah Jazz,86,Los Angeles Lakers,95,Box Score,,"18,997",
25,5:00p,Miami Heat,131,Milwaukee Bucks,126,Box Score,OT,"17,467",
26,7:00p,Philadelphia 76ers,117,Detroit Pistons,111,Box Score,,"16,207",
27,7:30p,Orlando Magic,99,Atlanta Hawks,103,Box Score,,"17,078",
28,7:30p,Boston Celtics,118,New York Knicks,95,Box Score,,"19,812",
29,8:00p,Toronto Raptors,108,Chicago Bulls,84,Box Score,,"21,498",
30,8:00p,Indiana Pacers,99,Cleveland Cavaliers,110,Box Score,,"19,432",
31,8:00p,New Orleans Pelicans,123,Houston Rockets,126,Box Score,,"18,055",
32,8:30p,Washington Wizards,122,San Antonio Spurs,124,Box Score,,"18,354",
33,9:00p,Sacramento Kings,81,Utah Jazz,113,Box Score,,"18,306",
34,10:00p,Los Angeles Clippers,122,Phoenix Suns,130,Box Score,,"15,802",
35,3:30p,Golden State Warriors,92,Oklahoma City Thunder,120,Box Score,,"18,203",
36,6:00p,Brooklyn Nets,133,Memphis Grizzlies,134,Box Score,OT,"15,517",
37,7:00p,Portland Trail Blazers,121,Dallas Mavericks,119,Box Score,,"19,707",
38,7:00p,Miami Heat,109,Minnesota Timberwolves,116,Box Score,,"17,049",
39,9:30p,Charlotte Hornets,101,Los Angeles Lakers,120,Box Score,,"18,997",
40,7:00p,Indiana Pacers,94,Detroit Pistons,96,Box Score,,"13,565",
41,7:00p,Chicago Bulls,98,New York Knicks,105,Box Score,,"19,812",
42,7:30p,Philadelphia 76ers,105,Atlanta Hawks,103,Box Score,,"14,094",
43,7:30p,Orlando Magic,95,Toronto Raptors,104,Box Score,,"19,800",
44,8:00p,Cleveland Cavaliers,112,Milwaukee Bucks,129,Box Score,,"17,385",
45,8:00p,Golden State Warriors,134,New Orleans Pelicans,123,Box Score,,"17,307",
46,8:00p,Oklahoma City Thunder,112,Houston Rockets,116,Box Score,,"18,055",
47,8:30p,Portland Trail Blazers,110,San Antonio Spurs,113,Box Score,,"18,083",
48,10:00p,Utah Jazz,96,Phoenix Suns,95,Box Score,,"14,805",
49,10:00p,Denver Nuggets,101,Sacramento Kings,94,Box Score,,"15,870",
50,10:30p,Charlotte Hornets,96,Los Angeles Clippers,111,Box Score,,"19,068",
51,7:30p,Atlanta Hawks,97,Miami Heat,112,Box Score,,"19,600",
52,9:00p,Dallas Mavericks,109,Denver Nuggets,106,Box Score,,"16,605",
53,10:30p,Memphis Grizzlies,91,Los Angeles Lakers,120,Box Score,,"18,997",
54,7:00p,Minnesota Timberwolves,95,Philadelphia 76ers,117,Box Score,,"20,204",
55,7:00p,New York Knicks,83,Orlando Magic,95,Box Score,,"17,456",
56,7:00p,Chicago Bulls,111,Cleveland Cavaliers,117,Box Score,,"17,595",
57,7:30p,Indiana Pacers,118,Brooklyn Nets,108,Box Score,,"17,083",
58,7:30p,Milwaukee Bucks,105,Boston Celtics,116,Box Score,,"18,624",
59,7:30p,Detroit Pistons,113,Toronto Raptors,125,Box Score,,"19,800",
60,8:00p,Portland Trail Blazers,102,Oklahoma City Thunder,99,Box Score,,"18,203",
61,8:00p,Houston Rockets,159,Washington Wizards,158,Box Score,,"20,476",
62,10:00p,Charlotte Hornets,118,Sacramento Kings,111,Box Score,,"15,416",
63,10:00p,Los Angeles Clippers,96,Utah Jazz,110,Box Score,,"18,306",
64,10:30p,Phoenix Suns,121,Golden State Warriors,110,Box Score,,"18,064",
65,7:00p,Miami Heat,106,Atlanta Hawks,97,Box Score,,"16,539",
66,9:30p,Denver Nuggets,107,New Orleans Pelicans,122,Box Score,,"16,613",
67,10:30p,San Antonio Spurs,97,Los Angeles Clippers,103,Box Score,,"19,068",
68,,,,,,,,,
69,9:00p,Miami Heat,114,Los Angeles Lakers,124,Box Score,,,
70,7:30p,Los Angeles Lakers,104,Miami Heat,115,Box Score,,,
71,9:00p,Los Angeles Lakers,102,Miami Heat,96,Box Score,,,
72,9:00p,Miami Heat,111,Los Angeles Lakers,108,Box Score,,,
73,7:30p,Los Angeles Lakers,106,Miami Heat,93,Box Score,,,
0,7:00p,Houston Rockets,116,Brooklyn Nets,123,Box Score,,"17,732",
1,7:00p,Cleveland Cavaliers,95,Indiana Pacers,102,Box Score,,"16,079",
2,7:00p,Milwaukee Bucks,123,Orlando Magic,91,Box Score,,"15,105",
3,7:30p,New York Knicks,102,Boston Celtics,104,Box Score,,"18,624",
4,8:00p,Detroit Pistons,106,Chicago Bulls,112,Box Score,,"20,671",
5,9:30p,Los Angeles Lakers,119,Dallas Mavericks,110,Box Score,OT,"20,358",
6,10:00p,Utah Jazz,101,Sacramento Kings,102,Box Score,,"16,273",
7,10:30p,San Antonio Spurs,127,Golden State Warriors,110,Box Score,,"18,064",
8,5:00p,New Orleans Pelicans,104,Oklahoma City Thunder,115,Box Score,,"18,203",
9,7:00p,Brooklyn Nets,109,Detroit Pistons,113,Box Score,,"17,222",
10,7:00p,Denver Nuggets,91,Orlando Magic,87,Box Score,,"17,025",
11,8:00p,Phoenix Suns,114,Memphis Grizzlies,105,Box Score,,"14,144",
12,8:00p,Toronto Raptors,105,Milwaukee Bucks,115,Box Score,,"17,637",
13,8:00p,Minnesota Timberwolves,131,Washington Wizards,109,Box Score,,"15,150",
14,8:30p,Charlotte Hornets,93,Golden State Warriors,87,Box Score,,"18,064",
15,10:00p,Philadelphia 76ers,129,Portland Trail Blazers,128,Box Score,,"19,669",
16,5:00p,Chicago Bulls,95,Indiana Pacers,108,Box Score,,"17,073",
17,6:00p,Houston Rockets,100,Miami Heat,129,Box Score,,"19,724",
18,6:00p,Sacramento Kings,113,New York Knicks,92,Box Score,,"19,812",
19,7:00p,Los Angeles Lakers,103,San Antonio Spurs,96,Box Score,,"18,610",
20,7:30p,Dallas Mavericks,131,Cleveland Cavaliers,111,Box Score,,"18,078",
21,9:00p,Utah Jazz,94,Los Angeles Clippers,105,Box Score,,"19,068",
22,7:00p,Detroit Pistons,99,Washington Wizards,115,Box Score,,"13,052",
23,7:30p,New Orleans Pelicans,125,Brooklyn Nets,135,Box Score,,"17,194",
24,8:00p,Houston Rockets,107,Memphis Grizzlies,100,Box Score,,"14,197",
25,8:00p,Milwaukee Bucks,134,Minnesota Timberwolves,106,Box Score,,"16,271",
26,9:00p,Philadelphia 76ers,109,Phoenix Suns,114,Box Score,,"14,285",
27,10:30p,Portland Trail Blazers,118,Golden State Warriors,127,Box Score,,"18,064",
28,7:00p,Indiana Pacers,120,Charlotte Hornets,122,Box Score,OT,"13,341",
29,7:00p,Boston Celtics,119,Cleveland Cavaliers,113,Box Score,,"17,709",
30,7:30p,San Antonio Spurs,100,Atlanta Hawks,108,Box Score,,"14,025",
31,8:00p,Los Angeles Lakers,118,Chicago Bulls,112,Box Score,,"21,193",
32,8:00p,Orlando Magic,94,Oklahoma City Thunder,102,Box Score,,"18,203",
33,9:00p,Miami Heat,89,Denver Nuggets,109,Box Score,,"18,010",
34,7:00p,New York Knicks,102,Detroit Pistons,122,Box Score,,"15,463",
35,7:00p,Washington Wizards,106,Indiana Pacers,121,Box Score,,"16,171",
36,7:30p,Chicago Bulls,113,Atlanta Hawks,93,Box Score,,"15,049",
37,7:30p,Golden State Warriors,112,Houston Rockets,129,Box Score,,"18,055",
38,7:30p,Sacramento Kings,120,Toronto Raptors,124,Box Score,,"19,800",
39,8:00p,Minnesota Timberwolves,121,Memphis Grizzlies,137,Box Score,,"13,503",
40,8:30p,Orlando Magic,106,Dallas Mavericks,107,Box Score,,"19,487",
41,9:00p,Philadelphia 76ers,104,Utah Jazz,106,Box Score,,"18,306",
42,10:00p,Milwaukee Bucks,129,Los Angeles Clippers,124,Box Score,,"19,068",
43,8:00p,Boston Celtics,108,Charlotte Hornets,87,Box Score,,"18,487",
44,8:30p,Oklahoma City Thunder,112,San Antonio Spurs,121,Box Score,,"18,354",
45,9:00p,Miami Heat,124,Phoenix Suns,108,Box Score,,"15,498",
46,10:30p,Portland Trail Blazers,101,Los Angeles Clippers,107,Box Score,,"19,068",
47,7:00p,Detroit Pistons,106,Indiana Pacers,112,Box Score,,"15,544",
48,7:00p,Memphis Grizzlies,86,Orlando Magic,118,Box Score,,"17,021",
49,7:00p,Cleveland Cavaliers,113,Washington Wizards,100,Box Score,,"16,946",
50,7:30p,Sacramento Kings,121,Atlanta Hawks,109,Box Score,,"16,447",
51,8:00p,Golden State Warriors,119,Minnesota Timberwolves,125,Box Score,OT,"15,647",
52,8:00p,Toronto Raptors,122,New Orleans Pelicans,104,Box Score,,"16,337",
53,8:30p,New York Knicks,106,Dallas Mavericks,102,Box Score,,"20,257",
54,9:00p,Philadelphia 76ers,97,Denver Nuggets,100,Box Score,,"19,520",
55,9:00p,Milwaukee Bucks,100,Utah Jazz,103,Box Score,,"18,306",
56,10:00p,Brooklyn Nets,119,Portland Trail Blazers,115,Box Score,,"20,089",
57,10:30p,Miami Heat,80,Los Angeles Lakers,95,Box Score,,"18,997",
58,5:00p,Boston Celtics,135,San Antonio Spurs,115,Box Score,,"18,354",
59,7:00p,New Orleans Pelicans,115,Charlotte Hornets,110,Box Score,,"18,513",
60,8:00p,Houston Rockets,117,Chicago Bulls,94,Box Score,,"20,482",
61,8:00p,Dallas Mavericks,138,Memphis Grizzlies,122,Box Score,,"15,753",
62,8:00p,Golden State Warriors,108,Oklahoma City Thunder,114,Box Score,,"18,203",
63,3:30p,Denver Nuggets,100,Minnesota Timberwolves,98,Box Score,OT,"13,553",
64,6:00p,Indiana Pacers,109,Orlando Magic,102,Box Score,,"17,118",
65,6:00p,Charlotte Hornets,106,Philadelphia 76ers,114,Box Score,,"20,311",
66,7:00p,Milwaukee Bucks,121,Oklahoma City Thunder,119,Box Score,,"18,203",
67,7:30p,Cleveland Cavaliers,108,New York Knicks,87,Box Score,,"19,812",
68,8:00p,Brooklyn Nets,112,Phoenix Suns,138,Box Score,,"17,290",
69,9:00p,Atlanta Hawks,113,Portland Trail Blazers,124,Box Score,OT,"20,041",
70,9:30p,Toronto Raptors,113,Los Angeles Lakers,104,Box Score,,"18,997",
71,7:00p,Minnesota Timberwolves,120,Detroit Pistons,114,Box Score,,"12,526",
72,7:30p,Dallas Mavericks,106,Boston Celtics,116,Box Score,,"18,624",
73,7:30p,Memphis Grizzlies,113,San Antonio Spurs,109,Box Score,,"18,627",
74,8:00p,Houston Rockets,122,New Orleans Pelicans,116,Box Score,,"16,695",
75,10:30p,Utah Jazz,122,Golden State Warriors,108,Box Score,,"18,064",
76,10:30p,Toronto Raptors,88,Los Angeles Clippers,98,Box Score,,"19,068",
77,7:00p,Oklahoma City Thunder,85,Indiana Pacers,111,Box Score,,"15,838",
78,7:00p,Cleveland Cavaliers,97,Philadelphia 76ers,98,Box Score,,"20,294",
79,7:30p,Detroit Pistons,108,Miami Heat,117,Box Score,,"19,600",
80,8:00p,New York Knicks,102,Chicago Bulls,120,Box Score,,"18,668",
81,9:00p,Atlanta Hawks,125,Denver Nuggets,121,Box Score,,"18,327",
82,9:00p,Los Angeles Lakers,123,Phoenix Suns,115,Box Score,,"18,055",
83,9:00p,Brooklyn Nets,114,Utah Jazz,119,Box Score,,"18,306",
84,10:00p,Portland Trail Blazers,99,Sacramento Kings,107,Box Score,,"16,358",
85,7:00p,Memphis Grizzlies,119,Charlotte Hornets,117,Box Score,,"13,155",
86,7:00p,Philadelphia 76ers,97,Orlando Magic,112,Box Score,,"15,113",
87,7:30p,Washington Wizards,133,Boston Celtics,140,Box Score,,"19,156",
88,7:30p,Los Angeles Clippers,93,Houston Rockets,102,Box Score,,"18,055",
89,8:00p,San Antonio Spurs,114,Minnesota Timberwolves,129,Box Score,,"11,581",
90,10:00p,Golden State Warriors,94,Los Angeles Lakers,120,Box Score,,"18,997",
91,10:00p,Toronto Raptors,114,Portland Trail Blazers,106,Box Score,,"19,544",
92,6:00p,Miami Heat,108,Cleveland Cavaliers,97,Box Score,,"17,374",
93,8:00p,Chicago Bulls,115,Milwaukee Bucks,124,Box Score,,"17,627",
94,8:00p,Los Angeles Clippers,127,New Orleans Pelicans,132,Box Score,,"17,147",
95,8:00p,Dallas Mavericks,103,New York Knicks,106,Box Score,,"19,812",
96,9:00p,Atlanta Hawks,112,Phoenix Suns,128,Box Score,,"15,143",
97,10:30p,Brooklyn Nets,93,Denver Nuggets,101,Box Score,,"18,394",
98,7:00p,Detroit Pistons,106,Charlotte Hornets,109,Box Score,,"16,778",
99,7:00p,San Antonio Spurs,109,Orlando Magic,111,Box Score,,"16,296",
100,8:00p,Indiana Pacers,102,Houston Rockets,111,Box Score,,"18,055",
101,8:00p,Utah Jazz,106,Memphis Grizzlies,107,Box Score,,"16,422",
102,8:00p,Washington Wizards,137,Minnesota Timberwolves,116,Box Score,,"12,716",
103,8:00p,Philadelphia 76ers,119,Oklahoma City Thunder,127,Box Score,OT,"18,203",
104,10:30p,Boston Celtics,105,Golden State Warriors,100,Box Score,,"18,064",
105,10:30p,Sacramento Kings,97,Los Angeles Lakers,99,Box Score,,"18,997",
106,6:00p,Brooklyn Nets,117,Chicago Bulls,111,Box Score,,"19,148",
107,7:00p,Milwaukee Bucks,102,Indiana Pacers,83,Box Score,,"17,024",
108,7:30p,Charlotte Hornets,103,New York Knicks,102,Box Score,,"19,401",
109,8:00p,New Orleans Pelicans,94,Miami Heat,109,Box Score,,"19,600",
110,8:00p,Houston Rockets,125,Minnesota Timberwolves,105,Box Score,,"18,978",
111,8:30p,Toronto Raptors,102,Dallas Mavericks,110,Box Score,,"19,926",
112,8:30p,Portland Trail Blazers,121,San Antonio Spurs,116,Box Score,,"18,534",
113,10:30p,Atlanta Hawks,101,Los Angeles Clippers,150,Box Score,,"19,068",
114,3:00p,Philadelphia 76ers,114,Cleveland Cavaliers,95,Box Score,,"19,432",
115,3:30p,Boston Celtics,99,Sacramento Kings,100,Box Score,,"16,633",
116,6:00p,Denver Nuggets,131,Memphis Grizzlies,114,Box Score,,"14,227",
117,6:00p,Washington Wizards,121,Orlando Magic,125,Box Score,,"16,344",
118,7:00p,Golden State Warriors,100,New Orleans Pelicans,108,Box Score,,"16,812",
119,9:30p,Atlanta Hawks,101,Los Angeles Lakers,122,Box Score,,"18,997",
120,7:00p,Cleveland Cavaliers,105,New York Knicks,123,Box Score,,"17,097",
121,7:30p,Indiana Pacers,115,Brooklyn Nets,86,Box Score,,"14,140",
122,7:30p,Charlotte Hornets,96,Toronto Raptors,132,Box Score,,"19,800",
123,8:00p,Milwaukee Bucks,115,Chicago Bulls,101,Box Score,,"17,565",
124,8:00p,Portland Trail Blazers,108,Houston Rockets,132,Box Score,,"18,055",
125,8:30p,San Antonio Spurs,110,Dallas Mavericks,117,Box Score,,"19,637",
126,9:00p,Boston Celtics,99,Phoenix Suns,85,Box Score,,"15,193",
127,9:00p,Minnesota Timberwolves,112,Utah Jazz,102,Box Score,,"18,306",
128,10:30p,Oklahoma City Thunder,88,Los Angeles Clippers,90,Box Score,,"19,068",
129,8:00p,Golden State Warriors,114,Memphis Grizzlies,95,Box Score,,"14,511",
130,8:00p,Portland Trail Blazers,104,New Orleans Pelicans,115,Box Score,,"15,021",
131,10:00p,Phoenix Suns,116,Sacramento Kings,120,Box Score,,"16,732",
132,10:30p,Oklahoma City Thunder,107,Los Angeles Lakers,112,Box Score,,"18,997",
133,7:00p,New York Knicks,104,Philadelphia 76ers,109,Box Score,,"20,384",
134,7:00p,San Antonio Spurs,132,Washington Wizards,138,Box Score,,"14,579",
135,7:30p,Milwaukee Bucks,135,Atlanta Hawks,127,Box Score,,"16,441",
136,7:30p,Charlotte Hornets,91,Brooklyn Nets,101,Box Score,,"14,011",
137,7:30p,Golden State Warriors,94,Dallas Mavericks,142,Box Score,,"19,569",
138,7:30p,Cleveland Cavaliers,100,Miami Heat,124,Box Score,,"19,600",
139,7:30p,Orlando Magic,97,Toronto Raptors,113,Box Score,,"19,800",
140,8:00p,Detroit Pistons,89,Chicago Bulls,109,Box Score,,"18,119",
141,8:00p,Utah Jazz,103,Minnesota Timberwolves,95,Box Score,,"13,177",
142,9:00p,Houston Rockets,95,Denver Nuggets,105,Box Score,,"17,778",
143,10:00p,Boston Celtics,104,Los Angeles Clippers,107,Box Score,OT,"19,068",
144,8:00p,Portland Trail Blazers,129,Milwaukee Bucks,137,Box Score,,"17,385",
145,10:30p,New Orleans Pelicans,124,Phoenix Suns,121,Box Score,,"13,903",
146,7:00p,Atlanta Hawks,103,Detroit Pistons,128,Box Score,,"15,399",
147,7:00p,Charlotte Hornets,118,Washington Wizards,125,Box Score,,"15,053",
148,7:30p,Sacramento Kings,97,Brooklyn Nets,116,Box Score,,"15,619",
149,8:00p,Miami Heat,116,Chicago Bulls,108,Box Score,,"18,953",
150,8:00p,Los Angeles Lakers,130,Oklahoma City Thunder,127,Box Score,,"18,203",
151,8:00p,San Antonio Spurs,104,Philadelphia 76ers,115,Box Score,,"20,927",
152,8:30p,Cleveland Cavaliers,101,Dallas Mavericks,143,Box Score,,"19,639",
153,9:00p,Boston Celtics,92,Denver Nuggets,96,Box Score,,"19,520",
154,9:00p,Golden State Warriors,109,Utah Jazz,113,Box Score,,"18,306",
155,10:30p,Houston Rockets,119,Los Angeles Clippers,122,Box Score,,"19,068",
156,5:00p,Phoenix Suns,100,Minnesota Timberwolves,98,Box Score,,"17,362",
157,7:00p,Chicago Bulls,116,Charlotte Hornets,115,Box Score,,"17,891",
158,7:00p,Orlando Magic,106,Indiana Pacers,111,Box Score,,"16,446",
159,7:30p,Toronto Raptors,119,Atlanta Hawks,116,Box Score,,"16,931",
160,7:30p,San Antonio Spurs,111,New York Knicks,104,Box Score,,"19,320",
161,7:30p,Miami Heat,86,Philadelphia 76ers,113,Box Score,,"21,017",
162,8:00p,Portland Trail Blazers,104,Cleveland Cavaliers,110,Box Score,,"19,432",
163,8:00p,Los Angeles Lakers,109,Memphis Grizzlies,108,Box Score,,"17,794",
164,8:30p,Detroit Pistons,90,Milwaukee Bucks,104,Box Score,,"17,585",
165,9:00p,New Orleans Pelicans,120,Utah Jazz,128,Box Score,,"18,306",
166,3:30p,Dallas Mavericks,137,Houston Rockets,123,Box Score,,"18,055",
167,6:00p,Brooklyn Nets,103,New York Knicks,101,Box Score,,"18,770",
168,6:00p,Sacramento Kings,113,Washington Wizards,106,Box Score,,"15,885",
169,8:00p,Phoenix Suns,104,Denver Nuggets,116,Box Score,,"19,520",
170,9:00p,New Orleans Pelicans,109,Los Angeles Clippers,134,Box Score,,"19,068",
171,7:00p,Brooklyn Nets,108,Cleveland Cavaliers,106,Box Score,,"17,143",
172,7:00p,Orlando Magic,88,Detroit Pistons,103,Box Score,,"14,695",
173,7:00p,Memphis Grizzlies,114,Indiana Pacers,126,Box Score,,"15,141",
174,7:30p,Minnesota Timberwolves,125,Atlanta Hawks,113,Box Score,,"16,218",
175,7:30p,Sacramento Kings,102,Boston Celtics,103,Box Score,,"19,156",
176,7:30p,Charlotte Hornets,100,Miami Heat,117,Box Score,,"19,600",
177,7:30p,Philadelphia 76ers,96,Toronto Raptors,101,Box Score,,"19,800",
178,8:00p,Portland Trail Blazers,117,Chicago Bulls,94,Box Score,,"18,776",
179,8:00p,Utah Jazz,118,Milwaukee Bucks,122,Box Score,,"17,385",
180,8:30p,Los Angeles Lakers,114,San Antonio Spurs,104,Box Score,,"18,498",
181,10:30p,Oklahoma City Thunder,100,Golden State Warriors,97,Box Score,,"18,064",
182,8:30p,Los Angeles Clippers,114,Dallas Mavericks,99,Box Score,,"20,407",
183,9:00p,Washington Wizards,104,Denver Nuggets,117,Box Score,,"18,673",
184,7:00p,Brooklyn Nets,110,Boston Celtics,121,Box Score,,"19,156",
185,7:00p,Detroit Pistons,101,Charlotte Hornets,102,Box Score,,"15,535",
186,7:00p,Orlando Magic,116,Cleveland Cavaliers,104,Box Score,,"17,712",
187,7:00p,Utah Jazz,102,Indiana Pacers,121,Box Score,,"17,027",
188,7:00p,Sacramento Kings,91,Philadelphia 76ers,97,Box Score,,"20,592",
189,7:30p,New York Knicks,98,Toronto Raptors,126,Box Score,,"19,800",
190,8:00p,Miami Heat,108,Houston Rockets,117,Box Score,,"18,055",
191,8:00p,Los Angeles Clippers,121,Memphis Grizzlies,119,Box Score,,"16,721",
192,8:00p,Atlanta Hawks,102,Milwaukee Bucks,111,Box Score,,"17,525",
193,8:30p,Minnesota Timberwolves,113,San Antonio Spurs,101,Box Score,,"18,354",
194,9:00p,Washington Wizards,140,Phoenix Suns,132,Box Score,,"14,123",
195,9:30p,Los Angeles Lakers,114,New Orleans Pelicans,110,Box Score,,"18,626",
196,10:00p,Oklahoma City Thunder,119,Portland Trail Blazers,136,Box Score,,"19,870",
197,10:30p,Chicago Bulls,90,Golden State Warriors,104,Box Score,,"18,064",
198,12:00p,Boston Celtics,107,Brooklyn Nets,112,Box Score,,"17,732",
199,7:00p,Charlotte Hornets,110,Detroit Pistons,107,Box Score,,"15,006",
200,7:00p,Toronto Raptors,90,Orlando Magic,83,Box Score,,"17,014",
201,7:30p,Milwaukee Bucks,119,Cleveland Cavaliers,110,Box Score,,"19,432",
202,7:30p,Philadelphia 76ers,101,New York Knicks,95,Box Score,,"18,109",
203,8:00p,Atlanta Hawks,104,Indiana Pacers,105,Box Score,OT,"15,827",
204,8:00p,Utah Jazz,103,Memphis Grizzlies,94,Box Score,,"16,605",
205,8:00p,Golden State Warriors,105,Miami Heat,122,Box Score,,"19,600",
206,8:00p,New Orleans Pelicans,104,Oklahoma City Thunder,109,Box Score,,"18,203",
207,8:30p,Los Angeles Clippers,97,San Antonio Spurs,107,Box Score,,"18,354",
208,9:00p,Dallas Mavericks,120,Phoenix Suns,113,Box Score,,"18,055",
209,10:00p,Chicago Bulls,103,Portland Trail Blazers,107,Box Score,,"20,139",
210,10:30p,Washington Wizards,103,Los Angeles Lakers,125,Box Score,,"18,997",
211,5:00p,Denver Nuggets,97,Sacramento Kings,100,Box Score,OT,"17,583",
212,7:00p,Indiana Pacers,116,Philadelphia 76ers,119,Box Score,,"20,517",
213,8:00p,Atlanta Hawks,111,Houston Rockets,158,Box Score,,"18,055",
214,8:00p,Charlotte Hornets,96,Milwaukee Bucks,137,Box Score,,"17,550",
0,3:00p,Miami Heat,109,Brooklyn Nets,106,Box Score,,"17,026",
1,3:30p,Memphis Grizzlies,115,Minnesota Timberwolves,107,Box Score,,"12,276",
2,3:30p,Boston Celtics,113,New York Knicks,104,Box Score,,"18,005",
3,4:00p,Dallas Mavericks,114,Los Angeles Lakers,100,Box Score,,"18,997",
4,5:00p,San Antonio Spurs,98,Detroit Pistons,132,Box Score,,"14,270",
5,5:00p,Oklahoma City Thunder,107,New Orleans Pelicans,104,Box Score,,"15,427",
6,6:00p,Golden State Warriors,96,Orlando Magic,100,Box Score,,"15,052",
7,6:00p,Utah Jazz,110,Toronto Raptors,130,Box Score,,"18,132",
8,10:30p,Washington Wizards,125,Los Angeles Clippers,150,Box Score,,"19,068",
9,7:00p,Phoenix Suns,109,Charlotte Hornets,104,Box Score,,"11,221",
10,7:00p,Utah Jazz,94,Philadelphia 76ers,103,Box Score,,"20,208",
11,7:30p,Golden State Warriors,79,Atlanta Hawks,104,Box Score,,"14,278",
12,8:00p,Indiana Pacers,117,Memphis Grizzlies,104,Box Score,,"11,919",
13,8:00p,New York Knicks,88,Milwaukee Bucks,132,Box Score,,"17,385",
14,10:00p,Chicago Bulls,113,Sacramento Kings,106,Box Score,,"17,257",
15,7:00p,Detroit Pistons,127,Cleveland Cavaliers,94,Box Score,,"17,504",
16,7:00p,Orlando Magic,127,Washington Wizards,120,Box Score,,"13,159",
17,7:30p,Dallas Mavericks,118,New Orleans Pelicans,97,Box Score,,"14,664",
18,7:30p,Miami Heat,121,Toronto Raptors,110,Box Score,OT,"19,800",
19,8:30p,Houston Rockets,133,San Antonio Spurs,135,Box Score,2OT,"18,354",
20,9:00p,Los Angeles Lakers,105,Denver Nuggets,96,Box Score,,"19,658",
21,10:00p,Portland Trail Blazers,97,Los Angeles Clippers,117,Box Score,,"19,068",
22,7:00p,Golden State Warriors,91,Charlotte Hornets,106,Box Score,,"14,355",
23,7:00p,Milwaukee Bucks,127,Detroit Pistons,103,Box Score,,"15,742",
24,7:00p,Phoenix Suns,114,Orlando Magic,128,Box Score,,"15,176",
25,7:30p,Brooklyn Nets,130,Atlanta Hawks,118,Box Score,,"15,694",
26,7:30p,Miami Heat,93,Boston Celtics,112,Box Score,,"19,156",
27,8:00p,Memphis Grizzlies,99,Chicago Bulls,106,Box Score,,"15,017",
28,8:00p,Indiana Pacers,107,Oklahoma City Thunder,100,Box Score,,"18,203",
29,8:30p,Minnesota Timberwolves,114,Dallas Mavericks,121,Box Score,,"19,671",
30,9:00p,Los Angeles Lakers,121,Utah Jazz,96,Box Score,,"18,306",
31,10:00p,Sacramento Kings,116,Portland Trail Blazers,127,Box Score,,"19,393",
32,7:00p,Philadelphia 76ers,113,Washington Wizards,119,Box Score,,"16,554",
33,7:30p,Denver Nuggets,129,New York Knicks,92,Box Score,,"18,171",
34,7:30p,Houston Rockets,119,Toronto Raptors,109,Box Score,,"19,800",
35,8:00p,Phoenix Suns,139,New Orleans Pelicans,132,Box Score,OT,"15,607",
36,7:00p,Brooklyn Nets,111,Charlotte Hornets,104,Box Score,,"15,075",
37,7:00p,Orlando Magic,93,Cleveland Cavaliers,87,Box Score,,"18,446",
38,7:00p,Indiana Pacers,101,Detroit Pistons,108,Box Score,,"14,894",
39,8:00p,Denver Nuggets,95,Boston Celtics,108,Box Score,,"19,156",
40,8:00p,Golden State Warriors,100,Chicago Bulls,98,Box Score,,"18,841",
41,8:00p,Washington Wizards,103,Miami Heat,112,Box Score,,"19,600",
42,8:00p,Minnesota Timberwolves,127,Oklahoma City Thunder,139,Box Score,OT,"18,203",
43,8:30p,Los Angeles Clippers,91,Milwaukee Bucks,119,Box Score,,"17,732",
44,8:30p,Sacramento Kings,104,San Antonio Spurs,105,Box Score,OT,"18,354",
45,10:30p,Los Angeles Lakers,136,Portland Trail Blazers,113,Box Score,,"19,912",
46,2:00p,New Orleans Pelicans,84,Dallas Mavericks,130,Box Score,,"19,456",
47,7:30p,Indiana Pacers,104,New York Knicks,103,Box Score,,"19,110",
48,7:30p,Cleveland Cavaliers,94,Philadelphia 76ers,141,Box Score,,"20,844",
49,8:00p,Phoenix Suns,109,Houston Rockets,115,Box Score,,"18,055",
50,10:00p,Memphis Grizzlies,112,Utah Jazz,126,Box Score,,"18,306",
51,3:00p,Denver Nuggets,102,Brooklyn Nets,105,Box Score,,"16,679",
52,5:00p,Atlanta Hawks,122,Charlotte Hornets,107,Box Score,,"15,489",
53,6:00p,Chicago Bulls,105,Miami Heat,110,Box Score,OT,"19,600",
54,6:00p,Toronto Raptors,104,Philadelphia 76ers,110,Box Score,,"20,313",
55,6:00p,Los Angeles Clippers,135,Washington Wizards,119,Box Score,,"15,946",
56,7:00p,Sacramento Kings,110,Dallas Mavericks,106,Box Score,,"19,566",
57,9:00p,Oklahoma City Thunder,108,Portland Trail Blazers,96,Box Score,,"19,393",
58,9:30p,Minnesota Timberwolves,125,Los Angeles Lakers,142,Box Score,,"18,997",
59,7:00p,Los Angeles Clippers,110,Indiana Pacers,99,Box Score,,"14,644",
60,7:30p,Cleveland Cavaliers,88,Boston Celtics,110,Box Score,,"19,156",
61,8:00p,Toronto Raptors,93,Chicago Bulls,92,Box Score,,"14,775",
62,8:00p,Sacramento Kings,119,Houston Rockets,118,Box Score,,"18,055",
63,8:00p,Orlando Magic,101,Milwaukee Bucks,110,Box Score,,"17,385",
64,8:00p,Detroit Pistons,105,New Orleans Pelicans,103,Box Score,,"13,694",
65,9:00p,Minnesota Timberwolves,109,Phoenix Suns,125,Box Score,,"13,230",
66,9:00p,Oklahoma City Thunder,104,Utah Jazz,90,Box Score,,"18,306",
67,10:30p,Memphis Grizzlies,110,Golden State Warriors,102,Box Score,,"18,064",
68,7:00p,Washington Wizards,107,Charlotte Hornets,114,Box Score,,"10,626",
69,8:00p,Atlanta Hawks,121,Miami Heat,135,Box Score,OT,"19,600",
70,8:00p,Denver Nuggets,92,Philadelphia 76ers,97,Box Score,,"20,591",
71,10:00p,New York Knicks,87,Portland Trail Blazers,115,Box Score,,"19,393",
72,7:00p,Houston Rockets,116,Cleveland Cavaliers,110,Box Score,,"17,122",
73,7:00p,Boston Celtics,117,Indiana Pacers,122,Box Score,,"15,637",
74,7:00p,Los Angeles Lakers,96,Orlando Magic,87,Box Score,,"18,846",
75,7:00p,Los Angeles Clippers,112,Toronto Raptors,92,Box Score,,"20,144",
76,7:30p,Charlotte Hornets,113,Brooklyn Nets,108,Box Score,,"15,631",
77,8:00p,Atlanta Hawks,102,Chicago Bulls,136,Box Score,,"15,084",
78,8:00p,Utah Jazz,127,Minnesota Timberwolves,116,Box Score,,"12,369",
79,9:00p,Memphis Grizzlies,115,Phoenix Suns,108,Box Score,,"12,254",
80,9:30p,New Orleans Pelicans,112,Milwaukee Bucks,127,Box Score,,"17,385",
81,10:00p,Oklahoma City Thunder,93,Sacramento Kings,94,Box Score,,"16,723",
82,10:30p,New York Knicks,124,Golden State Warriors,122,Box Score,OT,"18,064",
83,8:00p,Philadelphia 76ers,115,Boston Celtics,109,Box Score,,"19,156",
84,8:30p,Cleveland Cavaliers,117,San Antonio Spurs,109,Box Score,OT,"18,354",
85,9:00p,Dallas Mavericks,122,Detroit Pistons,111,Box Score,,"20,064","at Mexico City, Mexico"
86,10:30p,Portland Trail Blazers,99,Denver Nuggets,114,Box Score,,"18,828",
87,7:00p,Los Angeles Lakers,113,Miami Heat,110,Box Score,,"20,013",
88,7:00p,Houston Rockets,130,Orlando Magic,107,Box Score,,"16,335",
89,7:00p,New Orleans Pelicans,109,Philadelphia 76ers,116,Box Score,,"20,620",
90,7:30p,Indiana Pacers,110,Atlanta Hawks,100,Box Score,,"15,121",
91,8:00p,Charlotte Hornets,83,Chicago Bulls,73,Box Score,,"18,377",
92,8:00p,Milwaukee Bucks,127,Memphis Grizzlies,114,Box Score,,"16,109",
93,9:00p,Golden State Warriors,106,Utah Jazz,114,Box Score,,"18,306",
94,9:30p,Los Angeles Clippers,124,Minnesota Timberwolves,117,Box Score,,"17,585",
95,10:00p,New York Knicks,103,Sacramento Kings,101,Box Score,,"17,583",
96,5:00p,San Antonio Spurs,121,Phoenix Suns,119,Box Score,OT,"20,013","at Mexico City, Mexico"
97,7:30p,Brooklyn Nets,102,Toronto Raptors,110,Box Score,,"19,800",
98,8:00p,Los Angeles Clippers,106,Chicago Bulls,109,Box Score,,"18,426",
99,8:00p,Washington Wizards,111,Memphis Grizzlies,128,Box Score,,"15,631",
100,8:30p,Miami Heat,122,Dallas Mavericks,118,Box Score,OT,"20,333",
101,8:30p,Cleveland Cavaliers,108,Milwaukee Bucks,125,Box Score,,"17,481",
102,9:00p,Oklahoma City Thunder,102,Denver Nuggets,110,Box Score,,"19,520",
103,9:00p,Detroit Pistons,115,Houston Rockets,107,Box Score,,"18,055",
104,3:30p,Orlando Magic,130,New Orleans Pelicans,119,Box Score,,"15,388",
105,5:00p,Charlotte Hornets,85,Indiana Pacers,107,Box Score,,"16,061",
106,6:00p,Los Angeles Lakers,101,Atlanta Hawks,96,Box Score,,"16,962",
107,6:00p,Philadelphia 76ers,89,Brooklyn Nets,109,Box Score,,"17,732",
108,8:00p,New York Knicks,105,Denver Nuggets,111,Box Score,,"18,867",
109,8:30p,Sacramento Kings,100,Golden State Warriors,79,Box Score,,"18,064",
110,7:00p,Washington Wizards,133,Detroit Pistons,119,Box Score,,"14,632",
111,7:30p,Cleveland Cavaliers,113,Toronto Raptors,133,Box Score,,"19,800",
112,8:00p,San Antonio Spurs,107,Houston Rockets,109,Box Score,,"18,055",
113,8:00p,Miami Heat,111,Memphis Grizzlies,118,Box Score,,"14,021",
114,8:00p,Dallas Mavericks,120,Milwaukee Bucks,116,Box Score,,"17,727",
115,8:00p,Chicago Bulls,106,Oklahoma City Thunder,109,Box Score,,"18,203",
116,9:00p,Portland Trail Blazers,111,Phoenix Suns,110,Box Score,,"14,193",
117,7:00p,Sacramento Kings,102,Charlotte Hornets,110,Box Score,,"13,229",
118,7:00p,Los Angeles Lakers,102,Indiana Pacers,105,Box Score,,"17,923",
119,7:30p,Atlanta Hawks,120,New York Knicks,143,Box Score,,"18,268",
120,8:00p,Brooklyn Nets,108,New Orleans Pelicans,101,Box Score,OT,"15,177",
121,9:00p,Orlando Magic,102,Utah Jazz,109,Box Score,,"18,306",
122,10:30p,Phoenix Suns,99,Los Angeles Clippers,120,Box Score,,"19,068",
123,7:00p,Charlotte Hornets,98,Cleveland Cavaliers,100,Box Score,,"17,023",
124,7:00p,Toronto Raptors,112,Detroit Pistons,99,Box Score,,"15,319",
125,7:00p,Miami Heat,108,Philadelphia 76ers,104,Box Score,,"20,715",
126,7:00p,Chicago Bulls,110,Washington Wizards,109,Box Score,OT,"14,987",
127,8:00p,New Orleans Pelicans,107,Minnesota Timberwolves,99,Box Score,,"12,490",
128,8:00p,Memphis Grizzlies,122,Oklahoma City Thunder,126,Box Score,,"18,203",
129,9:00p,Orlando Magic,104,Denver Nuggets,113,Box Score,,"18,182",
130,9:30p,Boston Celtics,109,Dallas Mavericks,103,Box Score,,"20,181",
131,10:00p,Golden State Warriors,112,Portland Trail Blazers,122,Box Score,,"19,393",
132,7:30p,Utah Jazz,111,Atlanta Hawks,106,Box Score,,"16,739",
133,8:00p,Los Angeles Lakers,104,Milwaukee Bucks,111,Box Score,,"18,051",
134,8:30p,Brooklyn Nets,105,San Antonio Spurs,118,Box Score,,"18,354",
135,10:30p,Houston Rockets,122,Los Angeles Clippers,117,Box Score,,"19,068",
136,7:00p,Memphis Grizzlies,107,Cleveland Cavaliers,114,Box Score,,"19,432",
137,7:00p,Sacramento Kings,105,Indiana Pacers,119,Box Score,,"14,649",
138,7:30p,Detroit Pistons,93,Boston Celtics,114,Box Score,,"19,156",
139,7:30p,Washington Wizards,118,Toronto Raptors,122,Box Score,,"19,800",
140,8:00p,New York Knicks,114,Miami Heat,129,Box Score,,"19,704",
141,8:00p,Phoenix Suns,108,Oklahoma City Thunder,126,Box Score,,"18,203",
142,8:00p,Dallas Mavericks,117,Philadelphia 76ers,98,Box Score,,"20,778",
143,9:00p,Minnesota Timberwolves,100,Denver Nuggets,109,Box Score,,"19,520",
144,10:00p,Orlando Magic,103,Portland Trail Blazers,118,Box Score,,"19,393",
145,10:30p,New Orleans Pelicans,102,Golden State Warriors,106,Box Score,,"18,064",
146,5:00p,Utah Jazz,114,Charlotte Hornets,107,Box Score,,"16,187",
147,6:00p,Atlanta Hawks,112,Brooklyn Nets,122,Box Score,,"16,496",
148,7:00p,Chicago Bulls,119,Detroit Pistons,107,Box Score,,"15,948",
149,7:00p,Washington Wizards,108,Philadelphia 76ers,125,Box Score,,"20,529",
150,7:30p,Milwaukee Bucks,123,New York Knicks,102,Box Score,,"18,124",
151,8:00p,Sacramento Kings,115,Memphis Grizzlies,119,Box Score,,"15,603",
152,8:30p,Los Angeles Clippers,134,San Antonio Spurs,109,Box Score,,"18,354",
153,9:00p,Houston Rockets,139,Phoenix Suns,125,Box Score,,"16,061",
154,10:00p,Minnesota Timberwolves,106,Portland Trail Blazers,113,Box Score,,"19,393",
155,3:30p,Dallas Mavericks,107,Toronto Raptors,110,Box Score,,"19,800",
156,6:00p,Charlotte Hornets,93,Boston Celtics,119,Box Score,,"19,156",
157,7:00p,Indiana Pacers,89,Milwaukee Bucks,117,Box Score,,"18,029",
158,7:00p,Los Angeles Clippers,112,Oklahoma City Thunder,118,Box Score,,"18,203",
159,9:30p,Denver Nuggets,128,Los Angeles Lakers,104,Box Score,,"18,997",
160,7:00p,Atlanta Hawks,118,Cleveland Cavaliers,121,Box Score,,"18,007",
161,7:00p,Philadelphia 76ers,125,Detroit Pistons,109,Box Score,,"16,476",
162,7:00p,Toronto Raptors,115,Indiana Pacers,120,Box Score,OT,"17,164",
163,7:00p,Washington Wizards,121,New York Knicks,115,Box Score,,"19,413",
164,7:00p,Chicago Bulls,95,Orlando Magic,103,Box Score,,"18,846",
165,7:30p,Utah Jazz,104,Miami Heat,107,Box Score,,"19,890",
166,8:00p,San Antonio Spurs,145,Memphis Grizzlies,115,Box Score,,"16,776",
167,9:00p,Denver Nuggets,113,Phoenix Suns,111,Box Score,,"16,041",
168,10:00p,New Orleans Pelicans,102,Portland Trail Blazers,94,Box Score,,"19,499",
169,10:00p,Houston Rockets,113,Sacramento Kings,104,Box Score,,"17,583",
170,10:30p,Minnesota Timberwolves,104,Golden State Warriors,113,Box Score,,"18,064",
171,12:00p,Boston Celtics,118,Toronto Raptors,102,Box Score,,"19,800",
172,2:30p,Milwaukee Bucks,109,Philadelphia 76ers,121,Box Score,,"21,028",
173,5:00p,Houston Rockets,104,Golden State Warriors,116,Box Score,,"18,064",
174,8:00p,Los Angeles Clippers,111,Los Angeles Lakers,106,Box Score,,"18,997",
175,10:30p,New Orleans Pelicans,112,Denver Nuggets,100,Box Score,,"19,520",
176,7:00p,Washington Wizards,102,Detroit Pistons,132,Box Score,,"17,188",
177,7:30p,New York Knicks,94,Brooklyn Nets,82,Box Score,,"17,732",
178,8:00p,San Antonio Spurs,98,Dallas Mavericks,102,Box Score,,"20,427",
179,8:00p,Memphis Grizzlies,110,Oklahoma City Thunder,97,Box Score,,"18,203",
180,10:00p,Minnesota Timberwolves,105,Sacramento Kings,104,Box Score,2OT,"17,583",
181,10:30p,Portland Trail Blazers,115,Utah Jazz,121,Box Score,,"18,306",
182,4:00p,Cleveland Cavaliers,117,Boston Celtics,129,Box Score,,"19,156",
183,7:00p,Oklahoma City Thunder,104,Charlotte Hornets,102,Box Score,OT,"18,418",
184,7:00p,Philadelphia 76ers,97,Orlando Magic,98,Box Score,,"17,311",
185,7:30p,Milwaukee Bucks,112,Atlanta Hawks,86,Box Score,,"17,358",
186,8:00p,Indiana Pacers,112,Miami Heat,113,Box Score,,"19,767",
187,10:30p,Phoenix Suns,96,Golden State Warriors,105,Box Score,,"18,064",
188,5:00p,Memphis Grizzlies,110,Denver Nuggets,119,Box Score,,"19,697",
189,7:00p,Toronto Raptors,113,Boston Celtics,97,Box Score,,"19,156",
190,7:00p,Indiana Pacers,98,New Orleans Pelicans,120,Box Score,,"15,391",
191,8:00p,Atlanta Hawks,81,Chicago Bulls,116,Box Score,,"21,496",
192,8:00p,Brooklyn Nets,98,Houston Rockets,108,Box Score,,"18,306",
193,8:00p,Philadelphia 76ers,116,Miami Heat,117,Box Score,OT,"19,865",
194,8:00p,Cleveland Cavaliers,94,Minnesota Timberwolves,88,Box Score,,"15,411",
195,8:00p,New York Knicks,107,Washington Wizards,100,Box Score,,"19,033",
196,8:30p,Dallas Mavericks,141,Golden State Warriors,121,Box Score,,"18,064",
197,8:30p,Orlando Magic,100,Milwaukee Bucks,111,Box Score,,"17,920",
198,8:30p,Detroit Pistons,109,San Antonio Spurs,136,Box Score,,"18,524",
199,9:00p,Phoenix Suns,112,Sacramento Kings,110,Box Score,,"17,583",
200,10:00p,Los Angeles Lakers,128,Portland Trail Blazers,120,Box Score,,"19,960",
201,10:30p,Utah Jazz,120,Los Angeles Clippers,107,Box Score,,"19,068",
202,6:00p,Oklahoma City Thunder,98,Toronto Raptors,97,Box Score,,"19,800",
203,8:00p,Sacramento Kings,115,Denver Nuggets,120,Box Score,,"19,520",
204,8:00p,Charlotte Hornets,104,Memphis Grizzlies,117,Box Score,,"16,842",
205,8:00p,Houston Rockets,112,New Orleans Pelicans,127,Box Score,,"17,712",
206,9:30p,Dallas Mavericks,95,Los Angeles Lakers,108,Box Score,,"18,997",
207,7:00p,Atlanta Hawks,101,Orlando Magic,93,Box Score,,"17,784",
208,7:00p,Miami Heat,105,Washington Wizards,123,Box Score,,"20,476",
209,8:00p,Milwaukee Bucks,123,Chicago Bulls,102,Box Score,,"21,954",
210,8:00p,Brooklyn Nets,115,Minnesota Timberwolves,122,Box Score,OT,"15,824",
211,9:00p,Detroit Pistons,81,Utah Jazz,104,Box Score,,"18,306",
212,10:00p,Phoenix Suns,122,Portland Trail Blazers,116,Box Score,,"19,896",
213,3:00p,Boston Celtics,109,Charlotte Hornets,92,Box Score,,"19,216",
214,3:00p,Philadelphia 76ers,97,Indiana Pacers,115,Box Score,,"17,923",
215,5:00p,Los Angeles Clippers,105,Sacramento Kings,87,Box Score,,"16,231",
216,7:00p,Denver Nuggets,104,Houston Rockets,130,Box Score,,"18,055",
217,7:00p,Golden State Warriors,113,San Antonio Spurs,117,Box Score,OT,"18,354",
218,7:00p,Cleveland Cavaliers,97,Toronto Raptors,117,Box Score,,"19,800",
219,8:00p,Dallas Mavericks,101,Oklahoma City Thunder,106,Box Score,,"18,203",
